flag_id,check_id,level,severity,survey_key,quadrat_key,plot_name,survey_date,recorder,value,message,who_can_resolve
8b6e11d857b17fab59559a86a3568e7f,CON-04,quadrat,error,uuid:c6cc7231-7af6-4bc5-b281-565c53f21763,uuid:c6cc7231-7af6-4bc5-b281-565c53f21763/observations/quadrat_repeat[19],SavMon_LW_Plot_21,2026-05-26,Samuel_Kiprotich,,Quadrat 19 says extra species were found but none is recorded.,field team
b5342e01b17f63faed1b1576df5caadc,CON-04,quadrat,error,uuid:938c15e5-c942-49aa-8e6d-9633189870ff,uuid:938c15e5-c942-49aa-8e6d-9633189870ff/observations/quadrat_repeat[2],SavMon_LW_Plot_29,2026-05-26,Samuel_Kiprotich,,Quadrat 2 says extra species were found but none is recorded.,field team
8626bc065df2f9ad425618045c1322b4,CON-04,quadrat,error,uuid:54452130-d92e-4996-a0d7-9401811b9ed7,uuid:54452130-d92e-4996-a0d7-9401811b9ed7/observations/quadrat_repeat[17],SavMon_LW_Plot_15,2026-05-24,Grace_Achieng,,Quadrat 17 says extra species were found but none is recorded.,field team
990d406d05737da4ee8adc3cd1ee697b,CON-04,quadrat,error,uuid:dae71a1b-a6f9-4a6d-a7e5-8ffbb89fad6f,uuid:dae71a1b-a6f9-4a6d-a7e5-8ffbb89fad6f/observations/quadrat_repeat[5],SavMon_LW_Plot_46,2026-05-22,Grace_Achieng,,Quadrat 5 says extra species were found but none is recorded.,field team
c85c7aec59ad5fe3eeac91ad0fe8c216,CON-04,quadrat,error,uuid:dae71a1b-a6f9-4a6d-a7e5-8ffbb89fad6f,uuid:dae71a1b-a6f9-4a6d-a7e5-8ffbb89fad6f/observations/quadrat_repeat[13],SavMon_LW_Plot_46,2026-05-22,Grace_Achieng,,Quadrat 13 says extra species were found but none is recorded.,field team
556305df8ec5cf872053dadda6653e18,CON-04,quadrat,error,uuid:dae71a1b-a6f9-4a6d-a7e5-8ffbb89fad6f,uuid:dae71a1b-a6f9-4a6d-a7e5-8ffbb89fad6f/observations/quadrat_repeat[14],SavMon_LW_Plot_46,2026-05-22,Grace_Achieng,,Quadrat 14 says extra species were found but none is recorded.,field team
3a4003efbbb022f39002411204d03763,CON-04,quadrat,error,uuid:9ec95900-d4e8-4825-be75-07834b98cc6c,uuid:9ec95900-d4e8-4825-be75-07834b98cc6c/observations/quadrat_repeat[20],SavMon_LW_Plot_19,2026-05-22,Grace_Achieng,,Quadrat 20 says extra species were found but none is recorded.,field team
729a0ab7af12b5fdc51175f079f53d8f,CON-04,quadrat,error,uuid:fdf5f121-0a7f-4769-85bb-4717e0361eb4,uuid:fdf5f121-0a7f-4769-85bb-4717e0361eb4/observations/quadrat_repeat[8],SavMon_LW_Plot_14,2026-05-21,Grace_Achieng,,Quadrat 8 says extra species were found but none is recorded.,field team
57a47b26002cb0ba3440f0e317a7f4a0,CON-04,quadrat,error,uuid:3865525f-1d45-40fc-83ca-7e30fafe6b54,uuid:3865525f-1d45-40fc-83ca-7e30fafe6b54/observations/quadrat_repeat[9],SavMon_LW_Plot_10,2026-05-21,Grace_Achieng,,Quadrat 9 says extra species were found but none is recorded.,field team
72e7b71a3656cf0739b42f60675603c2,CON-04,quadrat,error,uuid:c17516f9-53dd-4fda-b4e6-e257068198b9,uuid:c17516f9-53dd-4fda-b4e6-e257068198b9/observations/quadrat_repeat[14],SavMon_LW_Plot_30,2026-05-21,Grace_Achieng,,Quadrat 14 says extra species were found but none is recorded.,field team
6e5c2a3cee734174e501f98ad1661b22,CON-06,survey,warning,uuid:599e04cf-832f-4535-8305-967918d12026,,SavMon_LW_Plot_16,2026-05-27,Grace_Achieng,19,The end summary says 19 quadrats had species; the data show 20.,Tech
68582961069bc67be741480545d5379a,CON-06,survey,warning,uuid:c6cc7231-7af6-4bc5-b281-565c53f21763,,SavMon_LW_Plot_21,2026-05-26,Samuel_Kiprotich,18,The end summary says 18 quadrats had species; the data show 20.,Tech
1cb5de86a31eabc7e3d08f2bcfc1c55f,CON-06,survey,warning,uuid:49d73df9-2d36-4a1e-aa29-6f94f23a7513,,SavMon_LW_Plot_21,2026-05-26,Grace_Achieng,19,The end summary says 19 quadrats had species; the data show 20.,Tech
f4d2f8366c7d99e30c868291ad9630f1,CON-06,survey,warning,uuid:938c15e5-c942-49aa-8e6d-9633189870ff,,SavMon_LW_Plot_29,2026-05-26,Samuel_Kiprotich,19,The end summary says 19 quadrats had species; the data show 20.,Tech
70fad3e2b7476b5681bb7bbd33e38ff4,CON-06,survey,warning,uuid:8e5f5c9d-d697-4358-b766-db4a41f28c3e,,SavMon_LW_Plot_25,2026-05-25,Grace_Achieng,19,The end summary says 19 quadrats had species; the data show 20.,Tech
cf770243cfa35ca306114ee7323eed8b,CON-06,survey,warning,uuid:4137458f-31e5-4355-b4ad-47858fb11503,,SavMon_LW_Plot_04,2026-05-25,Grace_Achieng,18,The end summary says 18 quadrats had species; the data show 19.,Tech
3e8d6389703f123b19800c3e34b2a85b,CON-06,survey,warning,uuid:430e85a3-44ce-45f4-9974-c6a61569e78b,,SavMon_LW_Plot_07,2026-05-24,Grace_Achieng,17,The end summary says 17 quadrats had species; the data show 20.,Tech
c0396620b6ca2f85316416872b073e72,CON-06,survey,warning,uuid:54452130-d92e-4996-a0d7-9401811b9ed7,,SavMon_LW_Plot_15,2026-05-24,Grace_Achieng,17,The end summary says 17 quadrats had species; the data show 20.,Tech
0dae64757804c2ec26ef3a84f7fc1d02,CON-06,survey,warning,uuid:b816a9b4-f338-432a-83d7-1cf354583f0f,,SavMon_LW_Plot_20,2026-05-24,Grace_Achieng,19,The end summary says 19 quadrats had species; the data show 20.,Tech
99e5ed0ced905ed8bb186797500d5c71,CON-06,survey,warning,uuid:ef5c5535-1739-481b-af66-71061de5dcd2,,SavMon_LW_Plot_24,2026-05-24,Grace_Achieng,19,The end summary says 19 quadrats had species; the data show 20.,Tech
2e3bee6afbd730272d78d3a1b0bf9365,CON-06,survey,warning,uuid:e63b6ad6-7893-4cca-a1db-00fbde18a2aa,,SavMon_LW_Plot_02,2026-05-24,Grace_Achieng,17,The end summary says 17 quadrats had species; the data show 19.,Tech
d323dfaaf0cdc9f33a0520cf125f69e4,CON-06,survey,warning,uuid:9fd08bb2-7c3f-49f5-8ad8-dd6f45da94da,,SavMon_LW_Plot_01,2026-05-23,Grace_Achieng,19,The end summary says 19 quadrats had species; the data show 20.,Tech
bd6ecf424de76b26b3baf1529b900a43,CON-06,survey,warning,uuid:dae71a1b-a6f9-4a6d-a7e5-8ffbb89fad6f,,SavMon_LW_Plot_46,2026-05-22,Grace_Achieng,14,The end summary says 14 quadrats had species; the data show 20.,Tech
00c70412136c0cf599b41d7ea6db3f67,CON-06,survey,warning,uuid:9ec95900-d4e8-4825-be75-07834b98cc6c,,SavMon_LW_Plot_19,2026-05-22,Grace_Achieng,16,The end summary says 16 quadrats had species; the data show 19.,Tech
3dbd5fe684a447b512d47673fb831e36,CON-06,survey,warning,uuid:c803a008-7014-4a4e-a485-68e1d90d767c,,SavMon_LW_Plot_27,2026-05-22,Grace_Achieng,19,The end summary says 19 quadrats had species; the data show 20.,Tech
da2af3e4c3a478138e2ab6503f20e7ec,CON-06,survey,warning,uuid:2439f628-f86d-4770-98d1-ae7b99a4d91f,,SavMon_LW_Plot_26,2026-05-22,Grace_Achieng,19,The end summary says 19 quadrats had species; the data show 20.,Tech
1abeac78ec268af0576e47bfabaa9cb7,CON-06,survey,warning,uuid:5d242bf2-8888-4eb0-9082-431482177425,,SavMon_LW_Plot_05,2026-05-22,Grace_Achieng,12,The end summary says 12 quadrats had species; the data show 19.,Tech
8a5d8cb630c7f43f42a0d810434ffd68,CON-06,survey,warning,uuid:95cde0b4-8b49-4f5d-a3c7-6765e1c06466,,SavMon_LW_Plot_09,2026-05-21,Grace_Achieng,19,The end summary says 19 quadrats had species; the data show 20.,Tech
88cc181365d15897699d5b0ec34bcd9e,CON-06,survey,warning,uuid:fdf5f121-0a7f-4769-85bb-4717e0361eb4,,SavMon_LW_Plot_14,2026-05-21,Grace_Achieng,11,The end summary says 11 quadrats had species; the data show 20.,Tech
b101e16a5574401ead325c5e73c2e957,CON-06,survey,warning,uuid:3865525f-1d45-40fc-83ca-7e30fafe6b54,,SavMon_LW_Plot_10,2026-05-21,Grace_Achieng,18,The end summary says 18 quadrats had species; the data show 20.,Tech
9821f4d76f1a1c317bd1434c79e79aa6,CON-06,survey,warning,uuid:c17516f9-53dd-4fda-b4e6-e257068198b9,,SavMon_LW_Plot_30,2026-05-21,Grace_Achieng,14,The end summary says 14 quadrats had species; the data show 20.,Tech
030142625b042044b109c1d80a2972d8,CON-06,survey,warning,uuid:ce4f999d-8849-42a9-a870-1205d47b1903,,SavMon_LW_Plot_22,2026-05-20,Samuel_Kiprotich,16,The end summary says 16 quadrats had species; the data show 20.,Tech
c42a100c3b2bd0183adf2bd4374c713c,CON-06,survey,warning,uuid:359a5da6-d237-4203-b838-8596bdbd4935,,SavMon_LW_Plot_08,2026-05-19,Samuel_Kiprotich,19,The end summary says 19 quadrats had species; the data show 20.,Tech
bf9b9c6cdc3661f0c800c8627774e9f1,CON-07,species,warning,uuid:cf362fbc-991a-4db1-8d49-6c1d29fd49c8,uuid:cf362fbc-991a-4db1-8d49-6c1d29fd49c8/observations/quadrat_repeat[2],SavMon_LW_Plot_18,2026-05-26,Grace_Achieng,Oldenladia corymbosa,Quadrat 2: Oldenladia corymbosa is listed more than once.,field team
79196445457799fc523ab2a03bcef302,CON-07,species,warning,uuid:9e1251bb-84c1-4b7a-a8bb-bafcf7afc82c,uuid:9e1251bb-84c1-4b7a-a8bb-bafcf7afc82c/observations/quadrat_repeat[2],SavMon_LW_Plot_11,2026-05-26,Grace_Achieng,herb_054,Quadrat 2: herb_054 is listed more than once.,field team
72cd87b57d23c7c86ecc9438d50d3ced,CON-07,species,warning,uuid:81e3bc36-700f-465d-a1aa-48ebed04a78c,uuid:81e3bc36-700f-465d-a1aa-48ebed04a78c/observations/quadrat_repeat[15],SavMon_LW_Plot_18,2026-05-26,Grace_Achieng,herb_017,Quadrat 15: herb_017 is listed more than once.,field team
8c52d73b65756768256b5c6b754dbe14,CON-07,species,warning,uuid:ce4f999d-8849-42a9-a870-1205d47b1903,uuid:ce4f999d-8849-42a9-a870-1205d47b1903/observations/quadrat_repeat[14],SavMon_LW_Plot_22,2026-05-20,Samuel_Kiprotich,Macrotalyma daltonii,Quadrat 14: Macrotalyma daltonii is listed more than once.,field team
b06af7f00dded98f0a74be3050ca2719,CON-07,species,warning,uuid:e7de35f0-a715-47f1-885f-fd5a0d9a2907,uuid:e7de35f0-a715-47f1-885f-fd5a0d9a2907/observations/quadrat_repeat[2],SavMon_LW_Plot_12,2026-05-20,Samuel_Kiprotich,herb_010,Quadrat 2: herb_010 is listed more than once.,field team
6a1d3b9de57307b97fb6c0be0c2415b4,CON-07,species,warning,uuid:e7de35f0-a715-47f1-885f-fd5a0d9a2907,uuid:e7de35f0-a715-47f1-885f-fd5a0d9a2907/observations/quadrat_repeat[4],SavMon_LW_Plot_12,2026-05-20,Samuel_Kiprotich,herb_017,Quadrat 4: herb_017 is listed more than once.,field team
f4f643510311febe491176343acbc1cd,CON-07,species,warning,uuid:e7de35f0-a715-47f1-885f-fd5a0d9a2907,uuid:e7de35f0-a715-47f1-885f-fd5a0d9a2907/observations/quadrat_repeat[20],SavMon_LW_Plot_12,2026-05-20,Samuel_Kiprotich,herb_016,Quadrat 20: herb_016 is listed more than once.,field team
550dad7442dcf3279b4509e6894cd772,MET-02,survey,info,uuid:599e04cf-832f-4535-8305-967918d12026,,SavMon_LW_Plot_16,2026-05-27,Grace_Achieng,,No review state is recorded for this submission.,data manager
b159df57b3e9627100b1ffd9ce599814,MET-02,survey,info,uuid:49d73df9-2d36-4a1e-aa29-6f94f23a7513,,SavMon_LW_Plot_21,2026-05-26,Grace_Achieng,,No review state is recorded for this submission.,data manager
e48bf44b4d7249b8743cede9f324a362,MET-02,survey,info,uuid:cf362fbc-991a-4db1-8d49-6c1d29fd49c8,,SavMon_LW_Plot_18,2026-05-26,Grace_Achieng,,No review state is recorded for this submission.,data manager
1b2cc7a92f2ddf040e1bc4126dffa6ab,MET-02,survey,info,uuid:9e1251bb-84c1-4b7a-a8bb-bafcf7afc82c,,SavMon_LW_Plot_11,2026-05-26,Grace_Achieng,,No review state is recorded for this submission.,data manager
355273155c6b300d895512df86fb159c,MET-02,survey,info,uuid:938c15e5-c942-49aa-8e6d-9633189870ff,,SavMon_LW_Plot_29,2026-05-26,Samuel_Kiprotich,,No review state is recorded for this submission.,data manager
6fcfe0100bfc23c066a47b413f2edbc3,MET-02,survey,info,uuid:8e5f5c9d-d697-4358-b766-db4a41f28c3e,,SavMon_LW_Plot_25,2026-05-25,Grace_Achieng,,No review state is recorded for this submission.,data manager
94d429487d090787ea29205a2c99b2b1,MET-02,survey,info,uuid:4137458f-31e5-4355-b4ad-47858fb11503,,SavMon_LW_Plot_04,2026-05-25,Grace_Achieng,,No review state is recorded for this submission.,data manager
28a5189ae9c946c52e6c5a69af182ca3,MET-02,survey,info,uuid:430e85a3-44ce-45f4-9974-c6a61569e78b,,SavMon_LW_Plot_07,2026-05-24,Grace_Achieng,,No review state is recorded for this submission.,data manager
ea2eb442da24ae2246172acd7351aae7,MET-02,survey,info,uuid:54452130-d92e-4996-a0d7-9401811b9ed7,,SavMon_LW_Plot_15,2026-05-24,Grace_Achieng,,No review state is recorded for this submission.,data manager
003225c32f69eb7f216476bccde6af70,MET-02,survey,info,uuid:b816a9b4-f338-432a-83d7-1cf354583f0f,,SavMon_LW_Plot_20,2026-05-24,Grace_Achieng,,No review state is recorded for this submission.,data manager
0aee6efbc1badc9ee848cc238b7c75d7,MET-02,survey,info,uuid:ef5c5535-1739-481b-af66-71061de5dcd2,,SavMon_LW_Plot_24,2026-05-24,Grace_Achieng,,No review state is recorded for this submission.,data manager
387db53f224c1db0dd757a899011f6fb,MET-02,survey,info,uuid:e63b6ad6-7893-4cca-a1db-00fbde18a2aa,,SavMon_LW_Plot_02,2026-05-24,Grace_Achieng,,No review state is recorded for this submission.,data manager
c58568a09ee2f0edbb669ce863da7b3f,MET-02,survey,info,uuid:c4ea3469-7e1c-474a-9ce6-fc1926e590e2,,SavMon_LW_Plot_28,2026-05-23,Grace_Achieng,,No review state is recorded for this submission.,data manager
c01e97f003a2c3bfad89fb030356a02c,MET-02,survey,info,uuid:9fd08bb2-7c3f-49f5-8ad8-dd6f45da94da,,SavMon_LW_Plot_01,2026-05-23,Grace_Achieng,,No review state is recorded for this submission.,data manager
1cb3f76926f9eecbd56527dc99e938ea,MET-02,survey,info,uuid:ebe93f04-c927-4af3-9668-21b6540c01ea,,SavMon_LW_Plot_13,2026-05-23,Grace_Achieng,,No review state is recorded for this submission.,data manager
6c83d438bd8d34f39b8ff9db7632c39f,MET-02,survey,info,uuid:b940a5e4-f4ed-4120-ba4e-70f858b86dfd,,SavMon_LW_Plot_17,2026-05-23,Grace_Achieng,,No review state is recorded for this submission.,data manager
2d087be48d35f438931ee21d4b77d4bc,MET-02,survey,info,uuid:7ae61d55-3663-422e-aad2-9104b56c9a47,,SavMon_LW_Plot_06,2026-05-23,Grace_Achieng,,No review state is recorded for this submission.,data manager
174d163f2d6c5264b612fc8a522cdb93,MET-02,survey,info,uuid:dae71a1b-a6f9-4a6d-a7e5-8ffbb89fad6f,,SavMon_LW_Plot_46,2026-05-22,Grace_Achieng,,No review state is recorded for this submission.,data manager
18337afa3c1e7dc431371574c7b754ec,MET-02,survey,info,uuid:9ec95900-d4e8-4825-be75-07834b98cc6c,,SavMon_LW_Plot_19,2026-05-22,Grace_Achieng,,No review state is recorded for this submission.,data manager
ae09c2ff8ddb2b16618ecb1ca71b0be9,MET-02,survey,info,uuid:c803a008-7014-4a4e-a485-68e1d90d767c,,SavMon_LW_Plot_27,2026-05-22,Grace_Achieng,,No review state is recorded for this submission.,data manager
16b66eb38dd6e7b47bdd1a1b930456d1,MET-02,survey,info,uuid:2439f628-f86d-4770-98d1-ae7b99a4d91f,,SavMon_LW_Plot_26,2026-05-22,Grace_Achieng,,No review state is recorded for this submission.,data manager
ab101c22ac506616c5a09b0dc2d2005d,MET-02,survey,info,uuid:5d242bf2-8888-4eb0-9082-431482177425,,SavMon_LW_Plot_05,2026-05-22,Grace_Achieng,,No review state is recorded for this submission.,data manager
0c1f013c8e6f0dd6d5855e9e960df666,MET-02,survey,info,uuid:95cde0b4-8b49-4f5d-a3c7-6765e1c06466,,SavMon_LW_Plot_09,2026-05-21,Grace_Achieng,,No review state is recorded for this submission.,data manager
4ba0a24767e88edbd0f285c9dae9579a,MET-02,survey,info,uuid:fdf5f121-0a7f-4769-85bb-4717e0361eb4,,SavMon_LW_Plot_14,2026-05-21,Grace_Achieng,,No review state is recorded for this submission.,data manager
c78bf00499983450e27d4aa3796f5d66,MET-02,survey,info,uuid:3865525f-1d45-40fc-83ca-7e30fafe6b54,,SavMon_LW_Plot_10,2026-05-21,Grace_Achieng,,No review state is recorded for this submission.,data manager
bf98128cc0f8fbdfa5fd26d203f1aad4,MET-02,survey,info,uuid:c17516f9-53dd-4fda-b4e6-e257068198b9,,SavMon_LW_Plot_30,2026-05-21,Grace_Achieng,,No review state is recorded for this submission.,data manager
c949460a380461738d0236b3360b8ed7,MET-02,survey,info,uuid:967cb42c-f21a-4ba6-92be-81cd6d2b0e8d,,SavMon_LW_Plot_03,2026-05-20,Samuel_Kiprotich,,No review state is recorded for this submission.,data manager
4bf64d38b10b7a5ca9a73d688fd0b805,MET-02,survey,info,uuid:ce4f999d-8849-42a9-a870-1205d47b1903,,SavMon_LW_Plot_22,2026-05-20,Samuel_Kiprotich,,No review state is recorded for this submission.,data manager
aee1f0ca22815b543e564542954ebdc8,MET-02,survey,info,uuid:e7de35f0-a715-47f1-885f-fd5a0d9a2907,,SavMon_LW_Plot_12,2026-05-20,Samuel_Kiprotich,,No review state is recorded for this submission.,data manager
01d62c64ac0fe16ed75f313949f905fe,MET-02,survey,info,uuid:359a5da6-d237-4203-b838-8596bdbd4935,,SavMon_LW_Plot_08,2026-05-19,Samuel_Kiprotich,,No review state is recorded for this submission.,data manager
69d1b130229bff0f9d1f13a906960f13,PLT-06,survey,info,uuid:dae71a1b-a6f9-4a6d-a7e5-8ffbb89fad6f,,SavMon_LW_Plot_46,2026-05-22,Grace_Achieng,SavMon_LW_Plot_46,SavMon_LW_Plot_46 is a backup plot; confirm it replaces a plot recorded as not viable.,data manager
0e3d93d4718241042bda869e17d5701e,PLT-08,survey,info,uuid:967cb42c-f21a-4ba6-92be-81cd6d2b0e8d,,SavMon_LW_Plot_03,2026-05-20,Samuel_Kiprotich,SavMon_LW_Plot_03,SavMon_LW_Plot_03 was uploaded (2026-05-20 16:37 UTC) after this survey started; it was registered earlier on the device.,data manager
c6f4d736b5f6d4de4e75792e40d66cd3,PLT-08,survey,info,uuid:ce4f999d-8849-42a9-a870-1205d47b1903,,SavMon_LW_Plot_22,2026-05-20,Samuel_Kiprotich,SavMon_LW_Plot_22,SavMon_LW_Plot_22 was uploaded (2026-05-20 16:09 UTC) after this survey started; it was registered earlier on the device.,data manager
3351c6ae293ce3bab7c15d46de24da35,PLT-08,survey,info,uuid:359a5da6-d237-4203-b838-8596bdbd4935,,SavMon_LW_Plot_08,2026-05-19,Samuel_Kiprotich,SavMon_LW_Plot_08,SavMon_LW_Plot_08 was uploaded (2026-05-19 15:48 UTC) after this survey started; it was registered earlier on the device.,data manager
e43fd9cc21b1b742f7f2e9e607c53e50,QUA-04,quadrat,info,uuid:4137458f-31e5-4355-b4ad-47858fb11503,uuid:4137458f-31e5-4355-b4ad-47858fb11503/observations/quadrat_repeat[17],SavMon_LW_Plot_04,2026-05-25,Grace_Achieng,,Quadrat 17 has no herbs and the species count is blank instead of 0.,data manager
de0f031f33b96a672bbcedb6ebf43fb6,QUA-04,quadrat,info,uuid:e63b6ad6-7893-4cca-a1db-00fbde18a2aa,uuid:e63b6ad6-7893-4cca-a1db-00fbde18a2aa/observations/quadrat_repeat[19],SavMon_LW_Plot_02,2026-05-24,Grace_Achieng,,Quadrat 19 has no herbs and the species count is blank instead of 0.,data manager
277556cb3dbc6ac0dfd247b459c9ec9f,QUA-04,quadrat,info,uuid:c4ea3469-7e1c-474a-9ce6-fc1926e590e2,uuid:c4ea3469-7e1c-474a-9ce6-fc1926e590e2/observations/quadrat_repeat[17],SavMon_LW_Plot_28,2026-05-23,Grace_Achieng,,Quadrat 17 has no herbs and the species count is blank instead of 0.,data manager
2d84a47d2619488690b69614840990bd,QUA-04,quadrat,info,uuid:9ec95900-d4e8-4825-be75-07834b98cc6c,uuid:9ec95900-d4e8-4825-be75-07834b98cc6c/observations/quadrat_repeat[12],SavMon_LW_Plot_19,2026-05-22,Grace_Achieng,,Quadrat 12 has no herbs and the species count is blank instead of 0.,data manager
8b866043201ebaa37f3fbdf13dfc6245,QUA-04,quadrat,info,uuid:5d242bf2-8888-4eb0-9082-431482177425,uuid:5d242bf2-8888-4eb0-9082-431482177425/observations/quadrat_repeat[14],SavMon_LW_Plot_05,2026-05-22,Grace_Achieng,,Quadrat 14 has no herbs and the species count is blank instead of 0.,data manager
ec383f26392151806c72856a4671782b,QUA-04,quadrat,info,uuid:967cb42c-f21a-4ba6-92be-81cd6d2b0e8d,uuid:967cb42c-f21a-4ba6-92be-81cd6d2b0e8d/observations/quadrat_repeat[13],SavMon_LW_Plot_03,2026-05-20,Samuel_Kiprotich,,Quadrat 13 has no herbs and the species count is blank instead of 0.,data manager
9f9f28846c4b3828c02383dd9318a00e,QUA-04,quadrat,info,uuid:967cb42c-f21a-4ba6-92be-81cd6d2b0e8d,uuid:967cb42c-f21a-4ba6-92be-81cd6d2b0e8d/observations/quadrat_repeat[20],SavMon_LW_Plot_03,2026-05-20,Samuel_Kiprotich,,Quadrat 20 has no herbs and the species count is blank instead of 0.,data manager
638c854ba8e35b30acbfff2314fd21f4,SPA-02,survey,warning,uuid:c17516f9-53dd-4fda-b4e6-e257068198b9,,SavMon_LW_Plot_30,2026-05-21,Grace_Achieng,5.066,"The end-of-survey location accuracy is 5.066 m, above 5 m.",field team
3e630c302b3c95d9bc3b57f5193f6217,SPA-03,survey,info,uuid:c6cc7231-7af6-4bc5-b281-565c53f21763,,SavMon_LW_Plot_21,2026-05-26,Samuel_Kiprotich,,No end-of-survey location was recorded.,field team
08f7f33114892a4eb995f28c0f1105b4,SPA-03,survey,info,uuid:81e3bc36-700f-465d-a1aa-48ebed04a78c,,SavMon_LW_Plot_18,2026-05-26,Grace_Achieng,,No end-of-survey location was recorded.,field team
fd8a7c72a0c642e1711b737f8b298150,SPA-03,survey,info,uuid:938c15e5-c942-49aa-8e6d-9633189870ff,,SavMon_LW_Plot_29,2026-05-26,Samuel_Kiprotich,,No end-of-survey location was recorded.,field team
021825d49ac01281ad9ff19e81080a04,SPA-04,quadrat,warning,uuid:c6cc7231-7af6-4bc5-b281-565c53f21763,uuid:c6cc7231-7af6-4bc5-b281-565c53f21763/observations/quadrat_repeat[10],SavMon_LW_Plot_21,2026-05-26,Samuel_Kiprotich,35.1,Quadrat 10 is 35.1 m from the plot midpoint; the belt allows 33.3 m.,field team
7a6dc8cad90e5009783953c80ad2e110,SPA-04,quadrat,warning,uuid:c6cc7231-7af6-4bc5-b281-565c53f21763,uuid:c6cc7231-7af6-4bc5-b281-565c53f21763/observations/quadrat_repeat[11],SavMon_LW_Plot_21,2026-05-26,Samuel_Kiprotich,37.3,Quadrat 11 is 37.3 m from the plot midpoint; the belt allows 32.9 m.,field team
a250bc84e4329c09d5ac17747d748b1b,SPA-04,quadrat,warning,uuid:49d73df9-2d36-4a1e-aa29-6f94f23a7513,uuid:49d73df9-2d36-4a1e-aa29-6f94f23a7513/observations/quadrat_repeat[10],SavMon_LW_Plot_21,2026-05-26,Grace_Achieng,38.7,Quadrat 10 is 38.7 m from the plot midpoint; the belt allows 32.5 m.,field team
2fe7f802108315876d40c323647b4552,SPA-04,quadrat,warning,uuid:cf362fbc-991a-4db1-8d49-6c1d29fd49c8,uuid:cf362fbc-991a-4db1-8d49-6c1d29fd49c8/observations/quadrat_repeat[20],SavMon_LW_Plot_18,2026-05-26,Grace_Achieng,31.1,Quadrat 20 is 31.1 m from the plot midpoint; the belt allows 30.8 m.,field team
a5d260911dcaae30e497da92fd9bf480,SPA-04,quadrat,warning,uuid:9e1251bb-84c1-4b7a-a8bb-bafcf7afc82c,uuid:9e1251bb-84c1-4b7a-a8bb-bafcf7afc82c/observations/quadrat_repeat[4],SavMon_LW_Plot_11,2026-05-26,Grace_Achieng,50.8,Quadrat 4 is 50.8 m from the plot midpoint; the belt allows 33 m.,field team
8acc277fb93e65d193c676b47af8e290,SPA-04,quadrat,warning,uuid:8e5f5c9d-d697-4358-b766-db4a41f28c3e,uuid:8e5f5c9d-d697-4358-b766-db4a41f28c3e/observations/quadrat_repeat[1],SavMon_LW_Plot_25,2026-05-25,Grace_Achieng,38,Quadrat 1 is 38 m from the plot midpoint; the belt allows 31.6 m.,field team
c4c1a6002ac01c4f34254b0fbe73d416,SPA-04,quadrat,warning,uuid:4137458f-31e5-4355-b4ad-47858fb11503,uuid:4137458f-31e5-4355-b4ad-47858fb11503/observations/quadrat_repeat[1],SavMon_LW_Plot_04,2026-05-25,Grace_Achieng,39.8,Quadrat 1 is 39.8 m from the plot midpoint; the belt allows 30.2 m.,field team
69736ae22b848c942977d40fa6e7114c,SPA-04,quadrat,warning,uuid:4137458f-31e5-4355-b4ad-47858fb11503,uuid:4137458f-31e5-4355-b4ad-47858fb11503/observations/quadrat_repeat[3],SavMon_LW_Plot_04,2026-05-25,Grace_Achieng,33,Quadrat 3 is 33 m from the plot midpoint; the belt allows 31.1 m.,field team
7b27402485397566e2d224542147dd4e,SPA-04,quadrat,warning,uuid:54452130-d92e-4996-a0d7-9401811b9ed7,uuid:54452130-d92e-4996-a0d7-9401811b9ed7/observations/quadrat_repeat[10],SavMon_LW_Plot_15,2026-05-24,Grace_Achieng,33.6,Quadrat 10 is 33.6 m from the plot midpoint; the belt allows 31.7 m.,field team
bab6e945ff2b02e0b9fae0940122c89e,SPA-04,quadrat,warning,uuid:54452130-d92e-4996-a0d7-9401811b9ed7,uuid:54452130-d92e-4996-a0d7-9401811b9ed7/observations/quadrat_repeat[11],SavMon_LW_Plot_15,2026-05-24,Grace_Achieng,34.2,Quadrat 11 is 34.2 m from the plot midpoint; the belt allows 32 m.,field team
91dcfdf7fa55253b46789204ec2561d5,SPA-04,quadrat,warning,uuid:ef5c5535-1739-481b-af66-71061de5dcd2,uuid:ef5c5535-1739-481b-af66-71061de5dcd2/observations/quadrat_repeat[1],SavMon_LW_Plot_24,2026-05-24,Grace_Achieng,31.1,Quadrat 1 is 31.1 m from the plot midpoint; the belt allows 30.5 m.,field team
e7cf94ba4ce71b811b204988c6ea1f54,SPA-04,quadrat,warning,uuid:e63b6ad6-7893-4cca-a1db-00fbde18a2aa,uuid:e63b6ad6-7893-4cca-a1db-00fbde18a2aa/observations/quadrat_repeat[10],SavMon_LW_Plot_02,2026-05-24,Grace_Achieng,35.8,Quadrat 10 is 35.8 m from the plot midpoint; the belt allows 32.6 m.,field team
a885761a3f424962fbd15d91084c84d9,SPA-04,quadrat,warning,uuid:9fd08bb2-7c3f-49f5-8ad8-dd6f45da94da,uuid:9fd08bb2-7c3f-49f5-8ad8-dd6f45da94da/observations/quadrat_repeat[9],SavMon_LW_Plot_01,2026-05-23,Grace_Achieng,35.9,Quadrat 9 is 35.9 m from the plot midpoint; the belt allows 34.1 m.,field team
b0e4729e0d31f80154153d71966dd1a1,SPA-04,quadrat,warning,uuid:9fd08bb2-7c3f-49f5-8ad8-dd6f45da94da,uuid:9fd08bb2-7c3f-49f5-8ad8-dd6f45da94da/observations/quadrat_repeat[18],SavMon_LW_Plot_01,2026-05-23,Grace_Achieng,74.6,Quadrat 18 is 74.6 m from the plot midpoint; the belt allows 34.4 m.,field team
6b97a6d39df47a4132165a9bbe478af0,SPA-04,quadrat,warning,uuid:7ae61d55-3663-422e-aad2-9104b56c9a47,uuid:7ae61d55-3663-422e-aad2-9104b56c9a47/observations/quadrat_repeat[1],SavMon_LW_Plot_06,2026-05-23,Grace_Achieng,34.5,Quadrat 1 is 34.5 m from the plot midpoint; the belt allows 31.4 m.,field team
dedb74be1827090a62c5e9df89c7b229,SPA-04,quadrat,warning,uuid:9ec95900-d4e8-4825-be75-07834b98cc6c,uuid:9ec95900-d4e8-4825-be75-07834b98cc6c/observations/quadrat_repeat[3],SavMon_LW_Plot_19,2026-05-22,Grace_Achieng,47.3,Quadrat 3 is 47.3 m from the plot midpoint; the belt allows 31.7 m.,field team
e065bccb059b08bbc1f8cca455710d97,SPA-04,quadrat,warning,uuid:2439f628-f86d-4770-98d1-ae7b99a4d91f,uuid:2439f628-f86d-4770-98d1-ae7b99a4d91f/observations/quadrat_repeat[11],SavMon_LW_Plot_26,2026-05-22,Grace_Achieng,34.4,Quadrat 11 is 34.4 m from the plot midpoint; the belt allows 33.2 m.,field team
a4470c43abcd9ffdcbeb159e3c777cbf,SPA-04,quadrat,warning,uuid:2439f628-f86d-4770-98d1-ae7b99a4d91f,uuid:2439f628-f86d-4770-98d1-ae7b99a4d91f/observations/quadrat_repeat[20],SavMon_LW_Plot_26,2026-05-22,Grace_Achieng,32.7,Quadrat 20 is 32.7 m from the plot midpoint; the belt allows 32 m.,field team
8876e627e90944442325de1be2baf76e,SPA-04,quadrat,warning,uuid:5d242bf2-8888-4eb0-9082-431482177425,uuid:5d242bf2-8888-4eb0-9082-431482177425/observations/quadrat_repeat[1],SavMon_LW_Plot_05,2026-05-22,Grace_Achieng,42.4,Quadrat 1 is 42.4 m from the plot midpoint; the belt allows 32.3 m.,field team
e0d6f841af33ae73c16f90034a5fb9c2,SPA-04,quadrat,warning,uuid:5d242bf2-8888-4eb0-9082-431482177425,uuid:5d242bf2-8888-4eb0-9082-431482177425/observations/quadrat_repeat[2],SavMon_LW_Plot_05,2026-05-22,Grace_Achieng,42.1,Quadrat 2 is 42.1 m from the plot midpoint; the belt allows 32.2 m.,field team
42a6c8d7faf25f56d724316bc351c328,SPA-04,quadrat,warning,uuid:5d242bf2-8888-4eb0-9082-431482177425,uuid:5d242bf2-8888-4eb0-9082-431482177425/observations/quadrat_repeat[3],SavMon_LW_Plot_05,2026-05-22,Grace_Achieng,38.3,Quadrat 3 is 38.3 m from the plot midpoint; the belt allows 32 m.,field team
7ba961aa84012fd4d121f26a0888d2f9,SPA-04,quadrat,warning,uuid:5d242bf2-8888-4eb0-9082-431482177425,uuid:5d242bf2-8888-4eb0-9082-431482177425/observations/quadrat_repeat[4],SavMon_LW_Plot_05,2026-05-22,Grace_Achieng,37.3,Quadrat 4 is 37.3 m from the plot midpoint; the belt allows 32.4 m.,field team
d0c697b533de653c35d2c5d2f8bcdac6,SPA-04,quadrat,warning,uuid:5d242bf2-8888-4eb0-9082-431482177425,uuid:5d242bf2-8888-4eb0-9082-431482177425/observations/quadrat_repeat[19],SavMon_LW_Plot_05,2026-05-22,Grace_Achieng,34.3,Quadrat 19 is 34.3 m from the plot midpoint; the belt allows 33.9 m.,field team
757bf6c758ead2d27de05f4cb4aafb62,SPA-04,quadrat,warning,uuid:5d242bf2-8888-4eb0-9082-431482177425,uuid:5d242bf2-8888-4eb0-9082-431482177425/observations/quadrat_repeat[20],SavMon_LW_Plot_05,2026-05-22,Grace_Achieng,43.5,Quadrat 20 is 43.5 m from the plot midpoint; the belt allows 33.1 m.,field team
69f63b694434430935579b7a6d668a4a,SPA-04,quadrat,warning,uuid:95cde0b4-8b49-4f5d-a3c7-6765e1c06466,uuid:95cde0b4-8b49-4f5d-a3c7-6765e1c06466/observations/quadrat_repeat[10],SavMon_LW_Plot_09,2026-05-21,Grace_Achieng,39.6,Quadrat 10 is 39.6 m from the plot midpoint; the belt allows 31.8 m.,field team
d1fa9858785f291aa9ff1312a369fd41,SPA-04,quadrat,warning,uuid:fdf5f121-0a7f-4769-85bb-4717e0361eb4,uuid:fdf5f121-0a7f-4769-85bb-4717e0361eb4/observations/quadrat_repeat[10],SavMon_LW_Plot_14,2026-05-21,Grace_Achieng,32.2,Quadrat 10 is 32.2 m from the plot midpoint; the belt allows 31.3 m.,field team
d861a9e682af3b505f735835e860c40c,SPA-04,quadrat,warning,uuid:c17516f9-53dd-4fda-b4e6-e257068198b9,uuid:c17516f9-53dd-4fda-b4e6-e257068198b9/observations/quadrat_repeat[1],SavMon_LW_Plot_30,2026-05-21,Grace_Achieng,43.4,Quadrat 1 is 43.4 m from the plot midpoint; the belt allows 33.2 m.,field team
6807d0a4117448ae057e11277c885191,SPA-04,quadrat,warning,uuid:c17516f9-53dd-4fda-b4e6-e257068198b9,uuid:c17516f9-53dd-4fda-b4e6-e257068198b9/observations/quadrat_repeat[2],SavMon_LW_Plot_30,2026-05-21,Grace_Achieng,37,Quadrat 2 is 37 m from the plot midpoint; the belt allows 32.2 m.,field team
295a8c5eeea89f9381702cf0ef8ca819,SPA-04,quadrat,warning,uuid:c17516f9-53dd-4fda-b4e6-e257068198b9,uuid:c17516f9-53dd-4fda-b4e6-e257068198b9/observations/quadrat_repeat[3],SavMon_LW_Plot_30,2026-05-21,Grace_Achieng,32.4,Quadrat 3 is 32.4 m from the plot midpoint; the belt allows 31.9 m.,field team
b93eda605309b8a85e0481b419f75cf8,SPA-04,quadrat,warning,uuid:c17516f9-53dd-4fda-b4e6-e257068198b9,uuid:c17516f9-53dd-4fda-b4e6-e257068198b9/observations/quadrat_repeat[20],SavMon_LW_Plot_30,2026-05-21,Grace_Achieng,36.7,Quadrat 20 is 36.7 m from the plot midpoint; the belt allows 34.6 m.,field team
294d361db33bfb67be935a126ae4a797,SPA-04,quadrat,warning,uuid:967cb42c-f21a-4ba6-92be-81cd6d2b0e8d,uuid:967cb42c-f21a-4ba6-92be-81cd6d2b0e8d/observations/quadrat_repeat[1],SavMon_LW_Plot_03,2026-05-20,Samuel_Kiprotich,40,Quadrat 1 is 40 m from the plot midpoint; the belt allows 33.1 m.,field team
b42253416f151b67454795b57c445072,SPA-04,quadrat,warning,uuid:ce4f999d-8849-42a9-a870-1205d47b1903,uuid:ce4f999d-8849-42a9-a870-1205d47b1903/observations/quadrat_repeat[8],SavMon_LW_Plot_22,2026-05-20,Samuel_Kiprotich,37.9,Quadrat 8 is 37.9 m from the plot midpoint; the belt allows 34.4 m.,field team
d82f0c730d6c90350940bbda26407995,SPA-04,quadrat,warning,uuid:ce4f999d-8849-42a9-a870-1205d47b1903,uuid:ce4f999d-8849-42a9-a870-1205d47b1903/observations/quadrat_repeat[11],SavMon_LW_Plot_22,2026-05-20,Samuel_Kiprotich,45.9,Quadrat 11 is 45.9 m from the plot midpoint; the belt allows 32.7 m.,field team
18f8a941541d3190597f6fcbfc258269,SPA-04,quadrat,warning,uuid:ce4f999d-8849-42a9-a870-1205d47b1903,uuid:ce4f999d-8849-42a9-a870-1205d47b1903/observations/quadrat_repeat[12],SavMon_LW_Plot_22,2026-05-20,Samuel_Kiprotich,33.7,Quadrat 12 is 33.7 m from the plot midpoint; the belt allows 33.1 m.,field team
5f5c68468a04668b89c7fc4ab9b79967,SPA-04,quadrat,warning,uuid:ce4f999d-8849-42a9-a870-1205d47b1903,uuid:ce4f999d-8849-42a9-a870-1205d47b1903/observations/quadrat_repeat[14],SavMon_LW_Plot_22,2026-05-20,Samuel_Kiprotich,33.3,Quadrat 14 is 33.3 m from the plot midpoint; the belt allows 33.2 m.,field team
e0d74e53c1f98847bd29204106c4e797,SPA-05,survey,warning,uuid:8e5f5c9d-d697-4358-b766-db4a41f28c3e,,SavMon_LW_Plot_25,2026-05-25,Grace_Achieng,30.6,The end-of-survey location is 30.6 m from the plot midpoint; the plot allows 29.7 m.,field team
85908622184d069e8cdf690ebf42c2ba,SPA-05,survey,warning,uuid:5d242bf2-8888-4eb0-9082-431482177425,,SavMon_LW_Plot_05,2026-05-22,Grace_Achieng,43.5,The end-of-survey location is 43.5 m from the plot midpoint; the plot allows 33.1 m.,field team
b315991361c58499ff2de5d0e27bf26d,SPA-05,survey,warning,uuid:c17516f9-53dd-4fda-b4e6-e257068198b9,,SavMon_LW_Plot_30,2026-05-21,Grace_Achieng,43.4,The end-of-survey location is 43.4 m from the plot midpoint; the plot allows 34.7 m.,field team
1a7fc26323e1dd4371e7d9cd0e89f191,SPA-06,quadrat,info,uuid:599e04cf-832f-4535-8305-967918d12026,uuid:599e04cf-832f-4535-8305-967918d12026/observations/quadrat_repeat[15],SavMon_LW_Plot_16,2026-05-27,Grace_Achieng,15.6,Quadrat 15 is 15.6 m from the previous one; expected at most 15.5 m.,field team
a9ae8a8ebaa09cf63007683e0ec950c4,SPA-06,quadrat,info,uuid:c6cc7231-7af6-4bc5-b281-565c53f21763,uuid:c6cc7231-7af6-4bc5-b281-565c53f21763/observations/quadrat_repeat[5],SavMon_LW_Plot_21,2026-05-26,Samuel_Kiprotich,21.5,Quadrat 5 is 21.5 m from the previous one; expected at most 17.6 m.,field team
f7f9116208829632e73b29b4cc38a8b2,SPA-06,quadrat,info,uuid:9e1251bb-84c1-4b7a-a8bb-bafcf7afc82c,uuid:9e1251bb-84c1-4b7a-a8bb-bafcf7afc82c/observations/quadrat_repeat[4],SavMon_LW_Plot_11,2026-05-26,Grace_Achieng,33.9,Quadrat 4 is 33.9 m from the previous one; expected at most 18.6 m.,field team
06ba682df5a9b7ac21b3c20b21ed6f1c,SPA-06,quadrat,info,uuid:9e1251bb-84c1-4b7a-a8bb-bafcf7afc82c,uuid:9e1251bb-84c1-4b7a-a8bb-bafcf7afc82c/observations/quadrat_repeat[5],SavMon_LW_Plot_11,2026-05-26,Grace_Achieng,31.7,Quadrat 5 is 31.7 m from the previous one; expected at most 18.9 m.,field team
d14678fe92932f8cece6aafa07c7e455,SPA-06,quadrat,info,uuid:938c15e5-c942-49aa-8e6d-9633189870ff,uuid:938c15e5-c942-49aa-8e6d-9633189870ff/observations/quadrat_repeat[17],SavMon_LW_Plot_29,2026-05-26,Samuel_Kiprotich,30.4,Quadrat 17 is 30.4 m from the previous one; expected at most 19.1 m.,field team
31dab7348c4f358054c6247322c00b7c,SPA-06,quadrat,info,uuid:938c15e5-c942-49aa-8e6d-9633189870ff,uuid:938c15e5-c942-49aa-8e6d-9633189870ff/observations/quadrat_repeat[18],SavMon_LW_Plot_29,2026-05-26,Samuel_Kiprotich,21.3,Quadrat 18 is 21.3 m from the previous one; expected at most 17.7 m.,field team
bd9eddffbab6e3e1cb2d843aa2ce553f,SPA-06,quadrat,info,uuid:8e5f5c9d-d697-4358-b766-db4a41f28c3e,uuid:8e5f5c9d-d697-4358-b766-db4a41f28c3e/observations/quadrat_repeat[2],SavMon_LW_Plot_25,2026-05-25,Grace_Achieng,18.2,Quadrat 2 is 18.2 m from the previous one; expected at most 17.7 m.,field team
3489eed507838b4cf60161c9fdfe97ce,SPA-06,quadrat,info,uuid:4137458f-31e5-4355-b4ad-47858fb11503,uuid:4137458f-31e5-4355-b4ad-47858fb11503/observations/quadrat_repeat[2],SavMon_LW_Plot_04,2026-05-25,Grace_Achieng,22.6,Quadrat 2 is 22.6 m from the previous one; expected at most 15 m.,field team
c12b98a18e85af626ba4cbfd9271de52,SPA-06,quadrat,info,uuid:4137458f-31e5-4355-b4ad-47858fb11503,uuid:4137458f-31e5-4355-b4ad-47858fb11503/observations/quadrat_repeat[3],SavMon_LW_Plot_04,2026-05-25,Grace_Achieng,17.7,Quadrat 3 is 17.7 m from the previous one; expected at most 16.3 m.,field team
3cdf496567915016b50b54a63836b180,SPA-06,quadrat,info,uuid:4137458f-31e5-4355-b4ad-47858fb11503,uuid:4137458f-31e5-4355-b4ad-47858fb11503/observations/quadrat_repeat[5],SavMon_LW_Plot_04,2026-05-25,Grace_Achieng,24.5,Quadrat 5 is 24.5 m from the previous one; expected at most 15 m.,field team
48ee713bb00d2e1bae4449d2b409309d,SPA-06,quadrat,info,uuid:4137458f-31e5-4355-b4ad-47858fb11503,uuid:4137458f-31e5-4355-b4ad-47858fb11503/observations/quadrat_repeat[7],SavMon_LW_Plot_04,2026-05-25,Grace_Achieng,18.4,Quadrat 7 is 18.4 m from the previous one; expected at most 16 m.,field team
c22891df4ac5d28deca76955f7f737a8,SPA-06,quadrat,info,uuid:4137458f-31e5-4355-b4ad-47858fb11503,uuid:4137458f-31e5-4355-b4ad-47858fb11503/observations/quadrat_repeat[8],SavMon_LW_Plot_04,2026-05-25,Grace_Achieng,17.5,Quadrat 8 is 17.5 m from the previous one; expected at most 15.4 m.,field team
b5278973dab838664b48e5cd027072ab,SPA-06,quadrat,info,uuid:54452130-d92e-4996-a0d7-9401811b9ed7,uuid:54452130-d92e-4996-a0d7-9401811b9ed7/observations/quadrat_repeat[7],SavMon_LW_Plot_15,2026-05-24,Grace_Achieng,18,Quadrat 7 is 18 m from the previous one; expected at most 16.4 m.,field team
b2f8468906be3cd00b06d013e4e5f36d,SPA-06,quadrat,info,uuid:ef5c5535-1739-481b-af66-71061de5dcd2,uuid:ef5c5535-1739-481b-af66-71061de5dcd2/observations/quadrat_repeat[3],SavMon_LW_Plot_24,2026-05-24,Grace_Achieng,20.1,Quadrat 3 is 20.1 m from the previous one; expected at most 19.2 m.,field team
4051edfe46a0ae084b9d60b2cc3be65a,SPA-06,quadrat,info,uuid:c4ea3469-7e1c-474a-9ce6-fc1926e590e2,uuid:c4ea3469-7e1c-474a-9ce6-fc1926e590e2/observations/quadrat_repeat[4],SavMon_LW_Plot_28,2026-05-23,Grace_Achieng,18.7,Quadrat 4 is 18.7 m from the previous one; expected at most 17.7 m.,field team
2aa2f997d93eb07e6e4c842c38167cbe,SPA-06,quadrat,info,uuid:c4ea3469-7e1c-474a-9ce6-fc1926e590e2,uuid:c4ea3469-7e1c-474a-9ce6-fc1926e590e2/observations/quadrat_repeat[9],SavMon_LW_Plot_28,2026-05-23,Grace_Achieng,18.8,Quadrat 9 is 18.8 m from the previous one; expected at most 16.8 m.,field team
9650cf09785ff445f1c458b54ef55eda,SPA-06,quadrat,info,uuid:9fd08bb2-7c3f-49f5-8ad8-dd6f45da94da,uuid:9fd08bb2-7c3f-49f5-8ad8-dd6f45da94da/observations/quadrat_repeat[2],SavMon_LW_Plot_01,2026-05-23,Grace_Achieng,18.5,Quadrat 2 is 18.5 m from the previous one; expected at most 15.3 m.,field team
e23951f3d620f83f67d61257337c4265,SPA-06,quadrat,info,uuid:9fd08bb2-7c3f-49f5-8ad8-dd6f45da94da,uuid:9fd08bb2-7c3f-49f5-8ad8-dd6f45da94da/observations/quadrat_repeat[9],SavMon_LW_Plot_01,2026-05-23,Grace_Achieng,18.1,Quadrat 9 is 18.1 m from the previous one; expected at most 17.2 m.,field team
010b7416e745ae3eff35ac070bee6eac,SPA-06,quadrat,info,uuid:9fd08bb2-7c3f-49f5-8ad8-dd6f45da94da,uuid:9fd08bb2-7c3f-49f5-8ad8-dd6f45da94da/observations/quadrat_repeat[18],SavMon_LW_Plot_01,2026-05-23,Grace_Achieng,61.4,Quadrat 18 is 61.4 m from the previous one; expected at most 19.7 m.,field team
27cfbe3e532785a99640731400be8c7a,SPA-06,quadrat,info,uuid:9fd08bb2-7c3f-49f5-8ad8-dd6f45da94da,uuid:9fd08bb2-7c3f-49f5-8ad8-dd6f45da94da/observations/quadrat_repeat[19],SavMon_LW_Plot_01,2026-05-23,Grace_Achieng,58.1,Quadrat 19 is 58.1 m from the previous one; expected at most 18.8 m.,field team
44812abc562d17ceb8dcd0e9d49067bf,SPA-06,quadrat,info,uuid:ebe93f04-c927-4af3-9668-21b6540c01ea,uuid:ebe93f04-c927-4af3-9668-21b6540c01ea/observations/quadrat_repeat[16],SavMon_LW_Plot_13,2026-05-23,Grace_Achieng,13.8,Quadrat 16 is 13.8 m from the previous one; expected at most 13.4 m.,field team
44a4c331e45a57f95799f29519f0fbb1,SPA-06,quadrat,info,uuid:7ae61d55-3663-422e-aad2-9104b56c9a47,uuid:7ae61d55-3663-422e-aad2-9104b56c9a47/observations/quadrat_repeat[3],SavMon_LW_Plot_06,2026-05-23,Grace_Achieng,20.2,Quadrat 3 is 20.2 m from the previous one; expected at most 14 m.,field team
38d945126d10e0ebd822d5a47e0ad8ff,SPA-06,quadrat,info,uuid:7ae61d55-3663-422e-aad2-9104b56c9a47,uuid:7ae61d55-3663-422e-aad2-9104b56c9a47/observations/quadrat_repeat[6],SavMon_LW_Plot_06,2026-05-23,Grace_Achieng,20.4,Quadrat 6 is 20.4 m from the previous one; expected at most 16 m.,field team
73776e39bd7b44aa10049c72a807ed0c,SPA-06,quadrat,info,uuid:7ae61d55-3663-422e-aad2-9104b56c9a47,uuid:7ae61d55-3663-422e-aad2-9104b56c9a47/observations/quadrat_repeat[7],SavMon_LW_Plot_06,2026-05-23,Grace_Achieng,21.1,Quadrat 7 is 21.1 m from the previous one; expected at most 16.3 m.,field team
4793c6b0a2f279f948668b0cf9699d52,SPA-06,quadrat,info,uuid:7ae61d55-3663-422e-aad2-9104b56c9a47,uuid:7ae61d55-3663-422e-aad2-9104b56c9a47/observations/quadrat_repeat[10],SavMon_LW_Plot_06,2026-05-23,Grace_Achieng,27.8,Quadrat 10 is 27.8 m from the previous one; expected at most 14.4 m.,field team
3ee443cc1cfd8b9913b4e4abcfae2948,SPA-06,quadrat,info,uuid:7ae61d55-3663-422e-aad2-9104b56c9a47,uuid:7ae61d55-3663-422e-aad2-9104b56c9a47/observations/quadrat_repeat[19],SavMon_LW_Plot_06,2026-05-23,Grace_Achieng,14.1,Quadrat 19 is 14.1 m from the previous one; expected at most 13.3 m.,field team
f2859fa92c18f95509e889bd6762541a,SPA-06,quadrat,info,uuid:dae71a1b-a6f9-4a6d-a7e5-8ffbb89fad6f,uuid:dae71a1b-a6f9-4a6d-a7e5-8ffbb89fad6f/observations/quadrat_repeat[4],SavMon_LW_Plot_46,2026-05-22,Grace_Achieng,16.3,Quadrat 4 is 16.3 m from the previous one; expected at most 13.5 m.,field team
75c4e9f80050b25bc874e43e872dfcd8,SPA-06,quadrat,info,uuid:9ec95900-d4e8-4825-be75-07834b98cc6c,uuid:9ec95900-d4e8-4825-be75-07834b98cc6c/observations/quadrat_repeat[3],SavMon_LW_Plot_19,2026-05-22,Grace_Achieng,25.1,Quadrat 3 is 25.1 m from the previous one; expected at most 17 m.,field team
908f150376244f730a0c76393db0c038,SPA-06,quadrat,info,uuid:9ec95900-d4e8-4825-be75-07834b98cc6c,uuid:9ec95900-d4e8-4825-be75-07834b98cc6c/observations/quadrat_repeat[4],SavMon_LW_Plot_19,2026-05-22,Grace_Achieng,37.6,Quadrat 4 is 37.6 m from the previous one; expected at most 16 m.,field team
35268e4cb644da8f2f7cbad009c2c3af,SPA-06,quadrat,info,uuid:9ec95900-d4e8-4825-be75-07834b98cc6c,uuid:9ec95900-d4e8-4825-be75-07834b98cc6c/observations/quadrat_repeat[7],SavMon_LW_Plot_19,2026-05-22,Grace_Achieng,23.9,Quadrat 7 is 23.9 m from the previous one; expected at most 16.3 m.,field team
146b118bd3518bbd2e36f67b94005467,SPA-06,quadrat,info,uuid:9ec95900-d4e8-4825-be75-07834b98cc6c,uuid:9ec95900-d4e8-4825-be75-07834b98cc6c/observations/quadrat_repeat[8],SavMon_LW_Plot_19,2026-05-22,Grace_Achieng,25.8,Quadrat 8 is 25.8 m from the previous one; expected at most 18.1 m.,field team
ee9478e654aebcff8fb519e00ffa3068,SPA-06,quadrat,info,uuid:9ec95900-d4e8-4825-be75-07834b98cc6c,uuid:9ec95900-d4e8-4825-be75-07834b98cc6c/observations/quadrat_repeat[13],SavMon_LW_Plot_19,2026-05-22,Grace_Achieng,31.4,Quadrat 13 is 31.4 m from the previous one; expected at most 16.3 m.,field team
6849eb6af331c720c352ddf48a72c948,SPA-06,quadrat,info,uuid:c803a008-7014-4a4e-a485-68e1d90d767c,uuid:c803a008-7014-4a4e-a485-68e1d90d767c/observations/quadrat_repeat[8],SavMon_LW_Plot_27,2026-05-22,Grace_Achieng,26.1,Quadrat 8 is 26.1 m from the previous one; expected at most 18.3 m.,field team
55115b422a32cb6e8969eb5b0dc72260,SPA-06,quadrat,info,uuid:c803a008-7014-4a4e-a485-68e1d90d767c,uuid:c803a008-7014-4a4e-a485-68e1d90d767c/observations/quadrat_repeat[9],SavMon_LW_Plot_27,2026-05-22,Grace_Achieng,36.6,Quadrat 9 is 36.6 m from the previous one; expected at most 20.3 m.,field team
05feb011c79b4a8b635750db964f1b72,SPA-06,quadrat,info,uuid:2439f628-f86d-4770-98d1-ae7b99a4d91f,uuid:2439f628-f86d-4770-98d1-ae7b99a4d91f/observations/quadrat_repeat[20],SavMon_LW_Plot_26,2026-05-22,Grace_Achieng,20.5,Quadrat 20 is 20.5 m from the previous one; expected at most 16.1 m.,field team
6a3561b8e83d4d55ad0c2ba4625ba70a,SPA-06,quadrat,info,uuid:5d242bf2-8888-4eb0-9082-431482177425,uuid:5d242bf2-8888-4eb0-9082-431482177425/observations/quadrat_repeat[5],SavMon_LW_Plot_05,2026-05-22,Grace_Achieng,15.5,Quadrat 5 is 15.5 m from the previous one; expected at most 14.4 m.,field team
598c2db1a1a7da23b0daef339c6d33b1,SPA-06,quadrat,info,uuid:95cde0b4-8b49-4f5d-a3c7-6765e1c06466,uuid:95cde0b4-8b49-4f5d-a3c7-6765e1c06466/observations/quadrat_repeat[10],SavMon_LW_Plot_09,2026-05-21,Grace_Achieng,19.6,Quadrat 10 is 19.6 m from the previous one; expected at most 16.6 m.,field team
341d02eb66e9ef698ed42e32e5c1c0c4,SPA-06,quadrat,info,uuid:95cde0b4-8b49-4f5d-a3c7-6765e1c06466,uuid:95cde0b4-8b49-4f5d-a3c7-6765e1c06466/observations/quadrat_repeat[14],SavMon_LW_Plot_09,2026-05-21,Grace_Achieng,20.8,Quadrat 14 is 20.8 m from the previous one; expected at most 15.9 m.,field team
9336c51366184113cde66f5d981701e8,SPA-06,quadrat,info,uuid:fdf5f121-0a7f-4769-85bb-4717e0361eb4,uuid:fdf5f121-0a7f-4769-85bb-4717e0361eb4/observations/quadrat_repeat[10],SavMon_LW_Plot_14,2026-05-21,Grace_Achieng,22.2,Quadrat 10 is 22.2 m from the previous one; expected at most 16.9 m.,field team
e46fe959cc2de081a4f20c5432984278,SPA-06,quadrat,info,uuid:3865525f-1d45-40fc-83ca-7e30fafe6b54,uuid:3865525f-1d45-40fc-83ca-7e30fafe6b54/observations/quadrat_repeat[5],SavMon_LW_Plot_10,2026-05-21,Grace_Achieng,20.9,Quadrat 5 is 20.9 m from the previous one; expected at most 16.6 m.,field team
7a27bdbb5418eed14c314dd1873efe2b,SPA-06,quadrat,info,uuid:c17516f9-53dd-4fda-b4e6-e257068198b9,uuid:c17516f9-53dd-4fda-b4e6-e257068198b9/observations/quadrat_repeat[13],SavMon_LW_Plot_30,2026-05-21,Grace_Achieng,17.7,Quadrat 13 is 17.7 m from the previous one; expected at most 15.9 m.,field team
5a40dfc5274008c7c0fc3516802bba7e,SPA-06,quadrat,info,uuid:c17516f9-53dd-4fda-b4e6-e257068198b9,uuid:c17516f9-53dd-4fda-b4e6-e257068198b9/observations/quadrat_repeat[16],SavMon_LW_Plot_30,2026-05-21,Grace_Achieng,18.1,Quadrat 16 is 18.1 m from the previous one; expected at most 17.6 m.,field team
94633c9a74c7aeb87313aabd0815dddf,SPA-06,quadrat,info,uuid:c17516f9-53dd-4fda-b4e6-e257068198b9,uuid:c17516f9-53dd-4fda-b4e6-e257068198b9/observations/quadrat_repeat[20],SavMon_LW_Plot_30,2026-05-21,Grace_Achieng,53.2,Quadrat 20 is 53.2 m from the previous one; expected at most 19.4 m.,field team
4c280933fa4e28e5c1af3462bf5b853a,SPA-06,quadrat,info,uuid:967cb42c-f21a-4ba6-92be-81cd6d2b0e8d,uuid:967cb42c-f21a-4ba6-92be-81cd6d2b0e8d/observations/quadrat_repeat[6],SavMon_LW_Plot_03,2026-05-20,Samuel_Kiprotich,22.5,Quadrat 6 is 22.5 m from the previous one; expected at most 17.8 m.,field team
4dfc586fae5cbca3596ef45ff89d90f5,SPA-06,quadrat,info,uuid:ce4f999d-8849-42a9-a870-1205d47b1903,uuid:ce4f999d-8849-42a9-a870-1205d47b1903/observations/quadrat_repeat[8],SavMon_LW_Plot_22,2026-05-20,Samuel_Kiprotich,33.9,Quadrat 8 is 33.9 m from the previous one; expected at most 19.7 m.,field team
81924d1061ec92e18be20998f142f322,SPA-06,quadrat,info,uuid:ce4f999d-8849-42a9-a870-1205d47b1903,uuid:ce4f999d-8849-42a9-a870-1205d47b1903/observations/quadrat_repeat[11],SavMon_LW_Plot_22,2026-05-20,Samuel_Kiprotich,17.3,Quadrat 11 is 17.3 m from the previous one; expected at most 16.4 m.,field team
4e8516b731315535df8d2a1714dcdbdd,SPA-06,quadrat,info,uuid:ce4f999d-8849-42a9-a870-1205d47b1903,uuid:ce4f999d-8849-42a9-a870-1205d47b1903/observations/quadrat_repeat[17],SavMon_LW_Plot_22,2026-05-20,Samuel_Kiprotich,18.6,Quadrat 17 is 18.6 m from the previous one; expected at most 18.3 m.,field team
d51d0f0b668ad9edc6f267aeaaadb9c1,SPA-06,quadrat,info,uuid:e7de35f0-a715-47f1-885f-fd5a0d9a2907,uuid:e7de35f0-a715-47f1-885f-fd5a0d9a2907/observations/quadrat_repeat[7],SavMon_LW_Plot_12,2026-05-20,Samuel_Kiprotich,18.2,Quadrat 7 is 18.2 m from the previous one; expected at most 17.9 m.,field team
0c9188073d80d392f8869515d618c527,SPA-06,quadrat,info,uuid:e7de35f0-a715-47f1-885f-fd5a0d9a2907,uuid:e7de35f0-a715-47f1-885f-fd5a0d9a2907/observations/quadrat_repeat[20],SavMon_LW_Plot_12,2026-05-20,Samuel_Kiprotich,21.6,Quadrat 20 is 21.6 m from the previous one; expected at most 20.6 m.,field team
b505830a27facbe6c69300587de297c4,SPA-06,quadrat,info,uuid:359a5da6-d237-4203-b838-8596bdbd4935,uuid:359a5da6-d237-4203-b838-8596bdbd4935/observations/quadrat_repeat[12],SavMon_LW_Plot_08,2026-05-19,Samuel_Kiprotich,23,Quadrat 12 is 23 m from the previous one; expected at most 20 m.,field team
1171a339b88a0b81e8e6fedd75177573,SPA-06,quadrat,info,uuid:359a5da6-d237-4203-b838-8596bdbd4935,uuid:359a5da6-d237-4203-b838-8596bdbd4935/observations/quadrat_repeat[16],SavMon_LW_Plot_08,2026-05-19,Samuel_Kiprotich,24.4,Quadrat 16 is 24.4 m from the previous one; expected at most 19.2 m.,field team
96030a9073d17154064182cccd9d2b86,SPA-07,quadrat,warning,uuid:9fd08bb2-7c3f-49f5-8ad8-dd6f45da94da,uuid:9fd08bb2-7c3f-49f5-8ad8-dd6f45da94da/observations/quadrat_repeat[6],SavMon_LW_Plot_01,2026-05-23,Grace_Achieng,0.2312303 37.4002503,Quadrat 6 has exactly the same location as another quadrat of this survey.,field team
45edbeb9ebe9cb2606bae366d7aedf3c,SPA-07,quadrat,warning,uuid:9fd08bb2-7c3f-49f5-8ad8-dd6f45da94da,uuid:9fd08bb2-7c3f-49f5-8ad8-dd6f45da94da/observations/quadrat_repeat[14],SavMon_LW_Plot_01,2026-05-23,Grace_Achieng,0.2312303 37.4002503,Quadrat 14 has exactly the same location as another quadrat of this survey.,field team
2a652de8cba9d770c7887b17f7ba7ef1,SPE-02,species,warning,uuid:599e04cf-832f-4535-8305-967918d12026,uuid:599e04cf-832f-4535-8305-967918d12026/observations/quadrat_repeat[16],SavMon_LW_Plot_16,2026-05-27,Grace_Achieng,Justicia divaricata ,"Quadrat 16: the name ""Justicia divaricata "" is not written as Genus_species.",field team
71fed3db66228a0bce37a4bf2d98f196,SPE-02,species,warning,uuid:c6cc7231-7af6-4bc5-b281-565c53f21763,uuid:c6cc7231-7af6-4bc5-b281-565c53f21763/observations/quadrat_repeat[13],SavMon_LW_Plot_21,2026-05-26,Samuel_Kiprotich,Cyperus margaritaceus,"Quadrat 13: the name ""Cyperus margaritaceus"" is not written as Genus_species.",field team
09faa2f91e31a5d53ce67e02a0b1610a,SPE-02,species,warning,uuid:49d73df9-2d36-4a1e-aa29-6f94f23a7513,uuid:49d73df9-2d36-4a1e-aa29-6f94f23a7513/observations/quadrat_repeat[13],SavMon_LW_Plot_21,2026-05-26,Grace_Achieng,Cyperus margaritaceus,"Quadrat 13: the name ""Cyperus margaritaceus"" is not written as Genus_species.",field team
d71472640421d2f9c1a350804515205d,SPE-02,species,warning,uuid:8e5f5c9d-d697-4358-b766-db4a41f28c3e,uuid:8e5f5c9d-d697-4358-b766-db4a41f28c3e/observations/quadrat_repeat[6],SavMon_LW_Plot_25,2026-05-25,Grace_Achieng,Zornia glochidiala,"Quadrat 6: the name ""Zornia glochidiala"" is not written as Genus_species.",field team
ec1e2641d50dc31872df75f233a9b8ce,SPE-02,species,warning,uuid:8e5f5c9d-d697-4358-b766-db4a41f28c3e,uuid:8e5f5c9d-d697-4358-b766-db4a41f28c3e/observations/quadrat_repeat[9],SavMon_LW_Plot_25,2026-05-25,Grace_Achieng,Commelina africana,"Quadrat 9: the name ""Commelina africana"" is not written as Genus_species.",field team
c0d04e0905337b5cb8042a0ff839cad1,SPE-02,species,warning,uuid:54452130-d92e-4996-a0d7-9401811b9ed7,uuid:54452130-d92e-4996-a0d7-9401811b9ed7/observations/quadrat_repeat[3],SavMon_LW_Plot_15,2026-05-24,Grace_Achieng,Ipomea leucanthemum,"Quadrat 3: the name ""Ipomea leucanthemum"" is not written as Genus_species.",field team
d82e49e666b5ffb67ff3254b59a23e6f,SPE-02,species,warning,uuid:e63b6ad6-7893-4cca-a1db-00fbde18a2aa,uuid:e63b6ad6-7893-4cca-a1db-00fbde18a2aa/observations/quadrat_repeat[2],SavMon_LW_Plot_02,2026-05-24,Grace_Achieng,Brachiara dura,"Quadrat 2: the name ""Brachiara dura"" is not written as Genus_species.",field team
afd5d6d0f8b4d8258aa8fb3963d89591,SPE-02,species,warning,uuid:e63b6ad6-7893-4cca-a1db-00fbde18a2aa,uuid:e63b6ad6-7893-4cca-a1db-00fbde18a2aa/observations/quadrat_repeat[18],SavMon_LW_Plot_02,2026-05-24,Grace_Achieng,Xenostegia pinnata,"Quadrat 18: the name ""Xenostegia pinnata"" is not written as Genus_species.",field team
0f5317b06753237572efa12228f0dfbc,SPE-02,species,warning,uuid:9fd08bb2-7c3f-49f5-8ad8-dd6f45da94da,uuid:9fd08bb2-7c3f-49f5-8ad8-dd6f45da94da/observations/quadrat_repeat[1],SavMon_LW_Plot_01,2026-05-23,Grace_Achieng,Polygala erioptera,"Quadrat 1: the name ""Polygala erioptera"" is not written as Genus_species.",field team
1b9664b7506f7bbe5ba39641d46d4187,SPE-02,species,warning,uuid:7ae61d55-3663-422e-aad2-9104b56c9a47,uuid:7ae61d55-3663-422e-aad2-9104b56c9a47/observations/quadrat_repeat[3],SavMon_LW_Plot_06,2026-05-23,Grace_Achieng,Chamaecrista absus,"Quadrat 3: the name ""Chamaecrista absus"" is not written as Genus_species.",field team
4b2883004f77e4e273fa73d96743fab7,SPE-02,species,warning,uuid:7ae61d55-3663-422e-aad2-9104b56c9a47,uuid:7ae61d55-3663-422e-aad2-9104b56c9a47/observations/quadrat_repeat[3],SavMon_LW_Plot_06,2026-05-23,Grace_Achieng,Setaria pumila,"Quadrat 3: the name ""Setaria pumila"" is not written as Genus_species.",field team
518b0fcda427b8774effc0820d75b0b2,SPE-02,species,warning,uuid:7ae61d55-3663-422e-aad2-9104b56c9a47,uuid:7ae61d55-3663-422e-aad2-9104b56c9a47/observations/quadrat_repeat[19],SavMon_LW_Plot_06,2026-05-23,Grace_Achieng,Pavonia clathrata,"Quadrat 19: the name ""Pavonia clathrata"" is not written as Genus_species.",field team
87278c600b318e100b236e3c2ca2f83e,SPE-02,species,warning,uuid:dae71a1b-a6f9-4a6d-a7e5-8ffbb89fad6f,uuid:dae71a1b-a6f9-4a6d-a7e5-8ffbb89fad6f/observations/quadrat_repeat[3],SavMon_LW_Plot_46,2026-05-22,Grace_Achieng,Cenchrus bifloris,"Quadrat 3: the name ""Cenchrus bifloris"" is not written as Genus_species.",field team
65af7273c690013c8f5e65575ce806ba,SPE-02,species,warning,uuid:9ec95900-d4e8-4825-be75-07834b98cc6c,uuid:9ec95900-d4e8-4825-be75-07834b98cc6c/observations/quadrat_repeat[8],SavMon_LW_Plot_19,2026-05-22,Grace_Achieng,Indigofera filipes,"Quadrat 8: the name ""Indigofera filipes"" is not written as Genus_species.",field team
3e0e4806390b7470ccab07b9d137c6ac,SPE-02,species,warning,uuid:9ec95900-d4e8-4825-be75-07834b98cc6c,uuid:9ec95900-d4e8-4825-be75-07834b98cc6c/observations/quadrat_repeat[16],SavMon_LW_Plot_19,2026-05-22,Grace_Achieng,Hermbstaedtia linearis,"Quadrat 16: the name ""Hermbstaedtia linearis"" is not written as Genus_species.",field team
708a908e44570ca8bb181fa65ebf9e63,SPE-02,species,warning,uuid:2439f628-f86d-4770-98d1-ae7b99a4d91f,uuid:2439f628-f86d-4770-98d1-ae7b99a4d91f/observations/quadrat_repeat[1],SavMon_LW_Plot_26,2026-05-22,Grace_Achieng,Aristida scabrivalvis,"Quadrat 1: the name ""Aristida scabrivalvis"" is not written as Genus_species.",field team
f1df3c2507ae7d6d80ffec1d43dafa52,SPE-02,species,warning,uuid:2439f628-f86d-4770-98d1-ae7b99a4d91f,uuid:2439f628-f86d-4770-98d1-ae7b99a4d91f/observations/quadrat_repeat[4],SavMon_LW_Plot_26,2026-05-22,Grace_Achieng,Asparagus africanus,"Quadrat 4: the name ""Asparagus africanus"" is not written as Genus_species.",field team
a7ba53d4b91dbb7d23adbda27a0c84e7,SPE-02,species,warning,uuid:5d242bf2-8888-4eb0-9082-431482177425,uuid:5d242bf2-8888-4eb0-9082-431482177425/observations/quadrat_repeat[7],SavMon_LW_Plot_05,2026-05-22,Grace_Achieng,Sida chrysantha,"Quadrat 7: the name ""Sida chrysantha"" is not written as Genus_species.",field team
038a0eb2c4f3d9ef7f571366d223f835,SPE-02,species,warning,uuid:5d242bf2-8888-4eb0-9082-431482177425,uuid:5d242bf2-8888-4eb0-9082-431482177425/observations/quadrat_repeat[9],SavMon_LW_Plot_05,2026-05-22,Grace_Achieng,Ipomea sinensis,"Quadrat 9: the name ""Ipomea sinensis"" is not written as Genus_species.",field team
06f2eda3da3ab3dc4b210da97d22ec40,SPE-02,species,warning,uuid:5d242bf2-8888-4eb0-9082-431482177425,uuid:5d242bf2-8888-4eb0-9082-431482177425/observations/quadrat_repeat[17],SavMon_LW_Plot_05,2026-05-22,Grace_Achieng,Gisekia pharnaceoides,"Quadrat 17: the name ""Gisekia pharnaceoides"" is not written as Genus_species.",field team
0502309c475fc693cca43a95eb22a9c5,SPE-02,species,warning,uuid:95cde0b4-8b49-4f5d-a3c7-6765e1c06466,uuid:95cde0b4-8b49-4f5d-a3c7-6765e1c06466/observations/quadrat_repeat[5],SavMon_LW_Plot_09,2026-05-21,Grace_Achieng,Erlangea misera,"Quadrat 5: the name ""Erlangea misera"" is not written as Genus_species.",field team
3ee1954512959fb84d25d17b15a4dd4c,SPE-02,species,warning,uuid:95cde0b4-8b49-4f5d-a3c7-6765e1c06466,uuid:95cde0b4-8b49-4f5d-a3c7-6765e1c06466/observations/quadrat_repeat[9],SavMon_LW_Plot_09,2026-05-21,Grace_Achieng,Justicia divaricata,"Quadrat 9: the name ""Justicia divaricata"" is not written as Genus_species.",field team
5be14cd5191b5fee0a2afc1466d3ccb8,SPE-02,species,warning,uuid:95cde0b4-8b49-4f5d-a3c7-6765e1c06466,uuid:95cde0b4-8b49-4f5d-a3c7-6765e1c06466/observations/quadrat_repeat[13],SavMon_LW_Plot_09,2026-05-21,Grace_Achieng,Citrullus naudinianus,"Quadrat 13: the name ""Citrullus naudinianus"" is not written as Genus_species.",field team
12998e053ba26cc22bdde751c9542f95,SPE-02,species,warning,uuid:95cde0b4-8b49-4f5d-a3c7-6765e1c06466,uuid:95cde0b4-8b49-4f5d-a3c7-6765e1c06466/observations/quadrat_repeat[20],SavMon_LW_Plot_09,2026-05-21,Grace_Achieng,Abitulum ramosum,"Quadrat 20: the name ""Abitulum ramosum"" is not written as Genus_species.",field team
0be2e07275ac500c74699ca524b42c8d,SPE-02,species,warning,uuid:fdf5f121-0a7f-4769-85bb-4717e0361eb4,uuid:fdf5f121-0a7f-4769-85bb-4717e0361eb4/observations/quadrat_repeat[7],SavMon_LW_Plot_14,2026-05-21,Grace_Achieng,Pechuel-loeschea leubnitziae,"Quadrat 7: the name ""Pechuel-loeschea leubnitziae"" is not written as Genus_species.",field team
6d13595d09812bf96d25639a362365ac,SPE-02,species,warning,uuid:3865525f-1d45-40fc-83ca-7e30fafe6b54,uuid:3865525f-1d45-40fc-83ca-7e30fafe6b54/observations/quadrat_repeat[2],SavMon_LW_Plot_10,2026-05-21,Grace_Achieng,Thunbergia reticulata,"Quadrat 2: the name ""Thunbergia reticulata"" is not written as Genus_species.",field team
25daabd389232f9f5afe18dde0bc4ce8,SPE-02,species,warning,uuid:3865525f-1d45-40fc-83ca-7e30fafe6b54,uuid:3865525f-1d45-40fc-83ca-7e30fafe6b54/observations/quadrat_repeat[12],SavMon_LW_Plot_10,2026-05-21,Grace_Achieng,Hibiscus sidiformis,"Quadrat 12: the name ""Hibiscus sidiformis"" is not written as Genus_species.",field team
93ce075346fdd1182b407ee18f69ef4e,SPE-02,species,warning,uuid:3865525f-1d45-40fc-83ca-7e30fafe6b54,uuid:3865525f-1d45-40fc-83ca-7e30fafe6b54/observations/quadrat_repeat[20],SavMon_LW_Plot_10,2026-05-21,Grace_Achieng,Boerhavia coccinea,"Quadrat 20: the name ""Boerhavia coccinea"" is not written as Genus_species.",field team
816923f142699a30e54f9505e4d8af59,SPE-02,species,warning,uuid:c17516f9-53dd-4fda-b4e6-e257068198b9,uuid:c17516f9-53dd-4fda-b4e6-e257068198b9/observations/quadrat_repeat[2],SavMon_LW_Plot_30,2026-05-21,Grace_Achieng,Striga gesnerioides,"Quadrat 2: the name ""Striga gesnerioides"" is not written as Genus_species.",field team
36e13d2d4e7331c4654ebb07f7b8517c,SPE-02,species,warning,uuid:c17516f9-53dd-4fda-b4e6-e257068198b9,uuid:c17516f9-53dd-4fda-b4e6-e257068198b9/observations/quadrat_repeat[16],SavMon_LW_Plot_30,2026-05-21,Grace_Achieng,Panicum hirtum,"Quadrat 16: the name ""Panicum hirtum"" is not written as Genus_species.",field team
52fbcd45fc1e043d3a8a1a714da0bf6b,SPE-02,species,warning,uuid:c17516f9-53dd-4fda-b4e6-e257068198b9,uuid:c17516f9-53dd-4fda-b4e6-e257068198b9/observations/quadrat_repeat[16],SavMon_LW_Plot_30,2026-05-21,Grace_Achieng,Senna obtusifolia,"Quadrat 16: the name ""Senna obtusifolia"" is not written as Genus_species.",field team
98e03d5190e74a352bd57073f42be311,SPE-02,species,warning,uuid:967cb42c-f21a-4ba6-92be-81cd6d2b0e8d,uuid:967cb42c-f21a-4ba6-92be-81cd6d2b0e8d/observations/quadrat_repeat[6],SavMon_LW_Plot_03,2026-05-20,Samuel_Kiprotich,Aristida scabrivalvis,"Quadrat 6: the name ""Aristida scabrivalvis"" is not written as Genus_species.",field team
8abb3c82152b3dc57c7832c40023b32d,SPE-02,species,warning,uuid:967cb42c-f21a-4ba6-92be-81cd6d2b0e8d,uuid:967cb42c-f21a-4ba6-92be-81cd6d2b0e8d/observations/quadrat_repeat[11],SavMon_LW_Plot_03,2026-05-20,Samuel_Kiprotich,Pogonarthria fleckii,"Quadrat 11: the name ""Pogonarthria fleckii"" is not written as Genus_species.",field team
ca05cb6cfeefdd89427d86fa2bd50260,SPE-02,species,warning,uuid:ce4f999d-8849-42a9-a870-1205d47b1903,uuid:ce4f999d-8849-42a9-a870-1205d47b1903/observations/quadrat_repeat[1],SavMon_LW_Plot_22,2026-05-20,Samuel_Kiprotich,Rhynchosia minima,"Quadrat 1: the name ""Rhynchosia minima"" is not written as Genus_species.",field team
59834219c7aa448155adc7e4a338eeb7,SPE-02,species,warning,uuid:e7de35f0-a715-47f1-885f-fd5a0d9a2907,uuid:e7de35f0-a715-47f1-885f-fd5a0d9a2907/observations/quadrat_repeat[2],SavMon_LW_Plot_12,2026-05-20,Samuel_Kiprotich,Crotolaria heidmannii,"Quadrat 2: the name ""Crotolaria heidmannii"" is not written as Genus_species.",field team
87cdbaadd77a977b43ec524d6e14f193,SPE-02,species,warning,uuid:e7de35f0-a715-47f1-885f-fd5a0d9a2907,uuid:e7de35f0-a715-47f1-885f-fd5a0d9a2907/observations/quadrat_repeat[3],SavMon_LW_Plot_12,2026-05-20,Samuel_Kiprotich,Oldenladia corymbosa,"Quadrat 3: the name ""Oldenladia corymbosa"" is not written as Genus_species.",field team
99d9ce9c1b57a94a9839abf5f6dee33c,SPE-02,species,warning,uuid:e7de35f0-a715-47f1-885f-fd5a0d9a2907,uuid:e7de35f0-a715-47f1-885f-fd5a0d9a2907/observations/quadrat_repeat[6],SavMon_LW_Plot_12,2026-05-20,Samuel_Kiprotich,Phyllanthus pantandrus,"Quadrat 6: the name ""Phyllanthus pantandrus"" is not written as Genus_species.",field team
6be651b8228c1bcf3dc0b6cd77e72ac6,SPE-02,species,warning,uuid:e7de35f0-a715-47f1-885f-fd5a0d9a2907,uuid:e7de35f0-a715-47f1-885f-fd5a0d9a2907/observations/quadrat_repeat[10],SavMon_LW_Plot_12,2026-05-20,Samuel_Kiprotich,Macrotalyma daltonii,"Quadrat 10: the name ""Macrotalyma daltonii"" is not written as Genus_species.",field team
1277bb186fe550d4f6e8f4feea6e179f,SPE-02,species,warning,uuid:e7de35f0-a715-47f1-885f-fd5a0d9a2907,uuid:e7de35f0-a715-47f1-885f-fd5a0d9a2907/observations/quadrat_repeat[12],SavMon_LW_Plot_12,2026-05-20,Samuel_Kiprotich,Jacquemontia tannifolia,"Quadrat 12: the name ""Jacquemontia tannifolia"" is not written as Genus_species.",field team
abb04fabb59d908c52b064bd5d84887f,SPE-02,species,warning,uuid:359a5da6-d237-4203-b838-8596bdbd4935,uuid:359a5da6-d237-4203-b838-8596bdbd4935/observations/quadrat_repeat[1],SavMon_LW_Plot_08,2026-05-19,Samuel_Kiprotich,Evolvulus alsinoides ,"Quadrat 1: the name ""Evolvulus alsinoides "" is not written as Genus_species.",field team
aa344abaacf1ee0e6b6fa4a8ecf84d2d,SPE-02,species,warning,uuid:359a5da6-d237-4203-b838-8596bdbd4935,uuid:359a5da6-d237-4203-b838-8596bdbd4935/observations/quadrat_repeat[2],SavMon_LW_Plot_08,2026-05-19,Samuel_Kiprotich,Alectra orobanchoides,"Quadrat 2: the name ""Alectra orobanchoides"" is not written as Genus_species.",field team
9fb891d98b18c4f7b51754717fab60b9,SPE-02,species,warning,uuid:359a5da6-d237-4203-b838-8596bdbd4935,uuid:359a5da6-d237-4203-b838-8596bdbd4935/observations/quadrat_repeat[2],SavMon_LW_Plot_08,2026-05-19,Samuel_Kiprotich,Tephrosia purpurea,"Quadrat 2: the name ""Tephrosia purpurea"" is not written as Genus_species.",field team
21783368b2ebb1ed2f291779889bf3be,SPE-02,species,warning,uuid:359a5da6-d237-4203-b838-8596bdbd4935,uuid:359a5da6-d237-4203-b838-8596bdbd4935/observations/quadrat_repeat[3],SavMon_LW_Plot_08,2026-05-19,Samuel_Kiprotich,Crotolaria sphaerocarpa,"Quadrat 3: the name ""Crotolaria sphaerocarpa"" is not written as Genus_species.",field team
7c377cf9d5f79814cc6a6438d30db8f0,SPE-02,species,warning,uuid:359a5da6-d237-4203-b838-8596bdbd4935,uuid:359a5da6-d237-4203-b838-8596bdbd4935/observations/quadrat_repeat[15],SavMon_LW_Plot_08,2026-05-19,Samuel_Kiprotich,Xenostegia tridentata,"Quadrat 15: the name ""Xenostegia tridentata"" is not written as Genus_species.",field team
85a7db14287690ca6a5c0efeb659bfda,SPE-02,species,warning,uuid:359a5da6-d237-4203-b838-8596bdbd4935,uuid:359a5da6-d237-4203-b838-8596bdbd4935/observations/quadrat_repeat[17],SavMon_LW_Plot_08,2026-05-19,Samuel_Kiprotich,Rhynchosia totta,"Quadrat 17: the name ""Rhynchosia totta"" is not written as Genus_species.",field team
357a931d9625543a86c98a917e503512,SPE-03,species,info,uuid:599e04cf-832f-4535-8305-967918d12026,uuid:599e04cf-832f-4535-8305-967918d12026/observations/quadrat_repeat[1],SavMon_LW_Plot_16,2026-05-27,Grace_Achieng,herb_002,Quadrat 1: herb_002 is not identified yet.,field team
2da76f8c4794f8bed70df7b46d8b4eee,SPE-03,species,info,uuid:599e04cf-832f-4535-8305-967918d12026,uuid:599e04cf-832f-4535-8305-967918d12026/observations/quadrat_repeat[2],SavMon_LW_Plot_16,2026-05-27,Grace_Achieng,herb_007,Quadrat 2: herb_007 is not identified yet.,field team
bc951b5bc5513bc80e41565641401ece,SPE-03,species,info,uuid:599e04cf-832f-4535-8305-967918d12026,uuid:599e04cf-832f-4535-8305-967918d12026/observations/quadrat_repeat[2],SavMon_LW_Plot_16,2026-05-27,Grace_Achieng,herb_054,Quadrat 2: herb_054 is not identified yet.,field team
91222db230223e78ba7d124b39da3027,SPE-03,species,info,uuid:599e04cf-832f-4535-8305-967918d12026,uuid:599e04cf-832f-4535-8305-967918d12026/observations/quadrat_repeat[3],SavMon_LW_Plot_16,2026-05-27,Grace_Achieng,herb_011,Quadrat 3: herb_011 is not identified yet.,field team
7670bdf596bd426c8523f8bb9542152e,SPE-03,species,info,uuid:599e04cf-832f-4535-8305-967918d12026,uuid:599e04cf-832f-4535-8305-967918d12026/observations/quadrat_repeat[5],SavMon_LW_Plot_16,2026-05-27,Grace_Achieng,herb_054,Quadrat 5: herb_054 is not identified yet.,field team
c3c697a563746d27875410d302cd974f,SPE-03,species,info,uuid:599e04cf-832f-4535-8305-967918d12026,uuid:599e04cf-832f-4535-8305-967918d12026/observations/quadrat_repeat[5],SavMon_LW_Plot_16,2026-05-27,Grace_Achieng,herb_103,Quadrat 5: herb_103 is not identified yet.,field team
d4b13827b30d546d2b2bda10643a4c5c,SPE-03,species,info,uuid:599e04cf-832f-4535-8305-967918d12026,uuid:599e04cf-832f-4535-8305-967918d12026/observations/quadrat_repeat[6],SavMon_LW_Plot_16,2026-05-27,Grace_Achieng,herb_054,Quadrat 6: herb_054 is not identified yet.,field team
75ae482bbd6308b71f1596e3c5ede803,SPE-03,species,info,uuid:599e04cf-832f-4535-8305-967918d12026,uuid:599e04cf-832f-4535-8305-967918d12026/observations/quadrat_repeat[7],SavMon_LW_Plot_16,2026-05-27,Grace_Achieng,herb_011,Quadrat 7: herb_011 is not identified yet.,field team
e0acbf5403ecbc84ff0b7d805745677c,SPE-03,species,info,uuid:599e04cf-832f-4535-8305-967918d12026,uuid:599e04cf-832f-4535-8305-967918d12026/observations/quadrat_repeat[9],SavMon_LW_Plot_16,2026-05-27,Grace_Achieng,herb_010,Quadrat 9: herb_010 is not identified yet.,field team
63ad266f3d77759404e55f4cf9e1d0d4,SPE-03,species,info,uuid:599e04cf-832f-4535-8305-967918d12026,uuid:599e04cf-832f-4535-8305-967918d12026/observations/quadrat_repeat[11],SavMon_LW_Plot_16,2026-05-27,Grace_Achieng,herb_103,Quadrat 11: herb_103 is not identified yet.,field team
202c75c764f69557f43c75ce1958f33f,SPE-03,species,info,uuid:599e04cf-832f-4535-8305-967918d12026,uuid:599e04cf-832f-4535-8305-967918d12026/observations/quadrat_repeat[14],SavMon_LW_Plot_16,2026-05-27,Grace_Achieng,herb_011,Quadrat 14: herb_011 is not identified yet.,field team
ce611e2ffb88f2b455babffaa2d4e253,SPE-03,species,info,uuid:599e04cf-832f-4535-8305-967918d12026,uuid:599e04cf-832f-4535-8305-967918d12026/observations/quadrat_repeat[17],SavMon_LW_Plot_16,2026-05-27,Grace_Achieng,herb_103,Quadrat 17: herb_103 is not identified yet.,field team
4ed0276a8d8bbb5aadf4e51109d6a72d,SPE-03,species,info,uuid:599e04cf-832f-4535-8305-967918d12026,uuid:599e04cf-832f-4535-8305-967918d12026/observations/quadrat_repeat[20],SavMon_LW_Plot_16,2026-05-27,Grace_Achieng,herb_054,Quadrat 20: herb_054 is not identified yet.,field team
3a262c31eb1310ea41240f53f196febd,SPE-03,species,info,uuid:c6cc7231-7af6-4bc5-b281-565c53f21763,uuid:c6cc7231-7af6-4bc5-b281-565c53f21763/observations/quadrat_repeat[1],SavMon_LW_Plot_21,2026-05-26,Samuel_Kiprotich,herb_009,Quadrat 1: herb_009 is not identified yet.,field team
706565e34169a545e3232a842c9a6d77,SPE-03,species,info,uuid:c6cc7231-7af6-4bc5-b281-565c53f21763,uuid:c6cc7231-7af6-4bc5-b281-565c53f21763/observations/quadrat_repeat[3],SavMon_LW_Plot_21,2026-05-26,Samuel_Kiprotich,herb_010,Quadrat 3: herb_010 is not identified yet.,field team
c0a68368bcb975dc12a3b358868934a1,SPE-03,species,info,uuid:c6cc7231-7af6-4bc5-b281-565c53f21763,uuid:c6cc7231-7af6-4bc5-b281-565c53f21763/observations/quadrat_repeat[4],SavMon_LW_Plot_21,2026-05-26,Samuel_Kiprotich,herb_009,Quadrat 4: herb_009 is not identified yet.,field team
53d8b4ec90ed09319181fd70d8f72663,SPE-03,species,info,uuid:c6cc7231-7af6-4bc5-b281-565c53f21763,uuid:c6cc7231-7af6-4bc5-b281-565c53f21763/observations/quadrat_repeat[5],SavMon_LW_Plot_21,2026-05-26,Samuel_Kiprotich,herb_010,Quadrat 5: herb_010 is not identified yet.,field team
8c2461dc3c60e6bf9e785807ad18e2c6,SPE-03,species,info,uuid:c6cc7231-7af6-4bc5-b281-565c53f21763,uuid:c6cc7231-7af6-4bc5-b281-565c53f21763/observations/quadrat_repeat[5],SavMon_LW_Plot_21,2026-05-26,Samuel_Kiprotich,herb_016,Quadrat 5: herb_016 is not identified yet.,field team
586917101e3b0a95d0a54ceb30dc8f2e,SPE-03,species,info,uuid:c6cc7231-7af6-4bc5-b281-565c53f21763,uuid:c6cc7231-7af6-4bc5-b281-565c53f21763/observations/quadrat_repeat[5],SavMon_LW_Plot_21,2026-05-26,Samuel_Kiprotich,herb_045,Quadrat 5: herb_045 is not identified yet.,field team
d8c2d9e058f3c39d5d7e161151e4dad4,SPE-03,species,info,uuid:c6cc7231-7af6-4bc5-b281-565c53f21763,uuid:c6cc7231-7af6-4bc5-b281-565c53f21763/observations/quadrat_repeat[6],SavMon_LW_Plot_21,2026-05-26,Samuel_Kiprotich,herb_094,Quadrat 6: herb_094 is not identified yet.,field team
79de68f18e4fe6fd222b18bab1a6f87d,SPE-03,species,info,uuid:c6cc7231-7af6-4bc5-b281-565c53f21763,uuid:c6cc7231-7af6-4bc5-b281-565c53f21763/observations/quadrat_repeat[7],SavMon_LW_Plot_21,2026-05-26,Samuel_Kiprotich,herb_010,Quadrat 7: herb_010 is not identified yet.,field team
03400bca3ba61ca2be7a3754abd3bc4b,SPE-03,species,info,uuid:c6cc7231-7af6-4bc5-b281-565c53f21763,uuid:c6cc7231-7af6-4bc5-b281-565c53f21763/observations/quadrat_repeat[8],SavMon_LW_Plot_21,2026-05-26,Samuel_Kiprotich,herb_017,Quadrat 8: herb_017 is not identified yet.,field team
e572a502ec8a65798677866840a558af,SPE-03,species,info,uuid:c6cc7231-7af6-4bc5-b281-565c53f21763,uuid:c6cc7231-7af6-4bc5-b281-565c53f21763/observations/quadrat_repeat[9],SavMon_LW_Plot_21,2026-05-26,Samuel_Kiprotich,herb_017,Quadrat 9: herb_017 is not identified yet.,field team
0c4c9d09e91b84c0ae2cae9e76750639,SPE-03,species,info,uuid:c6cc7231-7af6-4bc5-b281-565c53f21763,uuid:c6cc7231-7af6-4bc5-b281-565c53f21763/observations/quadrat_repeat[10],SavMon_LW_Plot_21,2026-05-26,Samuel_Kiprotich,herb_101,Quadrat 10: herb_101 is not identified yet.,field team
7e35841f2638518397cf6dadf6cae6d1,SPE-03,species,info,uuid:c6cc7231-7af6-4bc5-b281-565c53f21763,uuid:c6cc7231-7af6-4bc5-b281-565c53f21763/observations/quadrat_repeat[11],SavMon_LW_Plot_21,2026-05-26,Samuel_Kiprotich,herb_016,Quadrat 11: herb_016 is not identified yet.,field team
5ae9e349bd8af3f2bc4c53e002d1bc43,SPE-03,species,info,uuid:c6cc7231-7af6-4bc5-b281-565c53f21763,uuid:c6cc7231-7af6-4bc5-b281-565c53f21763/observations/quadrat_repeat[11],SavMon_LW_Plot_21,2026-05-26,Samuel_Kiprotich,herb_017,Quadrat 11: herb_017 is not identified yet.,field team
5fa31fb905fb5ccdea4fd6f8cdc914a6,SPE-03,species,info,uuid:c6cc7231-7af6-4bc5-b281-565c53f21763,uuid:c6cc7231-7af6-4bc5-b281-565c53f21763/observations/quadrat_repeat[12],SavMon_LW_Plot_21,2026-05-26,Samuel_Kiprotich,herb_017,Quadrat 12: herb_017 is not identified yet.,field team
6244942b2801120b81a71706b6591ae7,SPE-03,species,info,uuid:c6cc7231-7af6-4bc5-b281-565c53f21763,uuid:c6cc7231-7af6-4bc5-b281-565c53f21763/observations/quadrat_repeat[13],SavMon_LW_Plot_21,2026-05-26,Samuel_Kiprotich,herb_017,Quadrat 13: herb_017 is not identified yet.,field team
497f6cd813ad700f50e537f50833c819,SPE-03,species,info,uuid:c6cc7231-7af6-4bc5-b281-565c53f21763,uuid:c6cc7231-7af6-4bc5-b281-565c53f21763/observations/quadrat_repeat[14],SavMon_LW_Plot_21,2026-05-26,Samuel_Kiprotich,herb_010,Quadrat 14: herb_010 is not identified yet.,field team
713017fa6a9ae821dc1cff79a9998754,SPE-03,species,info,uuid:c6cc7231-7af6-4bc5-b281-565c53f21763,uuid:c6cc7231-7af6-4bc5-b281-565c53f21763/observations/quadrat_repeat[15],SavMon_LW_Plot_21,2026-05-26,Samuel_Kiprotich,herb_054,Quadrat 15: herb_054 is not identified yet.,field team
413170eb72c4548adf019e6a39e42200,SPE-03,species,info,uuid:c6cc7231-7af6-4bc5-b281-565c53f21763,uuid:c6cc7231-7af6-4bc5-b281-565c53f21763/observations/quadrat_repeat[16],SavMon_LW_Plot_21,2026-05-26,Samuel_Kiprotich,herb_009,Quadrat 16: herb_009 is not identified yet.,field team
81795bfbc0df000c645d4062bfcb717a,SPE-03,species,info,uuid:c6cc7231-7af6-4bc5-b281-565c53f21763,uuid:c6cc7231-7af6-4bc5-b281-565c53f21763/observations/quadrat_repeat[16],SavMon_LW_Plot_21,2026-05-26,Samuel_Kiprotich,herb_010,Quadrat 16: herb_010 is not identified yet.,field team
a3ae92439c61c34355d3d580dd4f8ee0,SPE-03,species,info,uuid:c6cc7231-7af6-4bc5-b281-565c53f21763,uuid:c6cc7231-7af6-4bc5-b281-565c53f21763/observations/quadrat_repeat[17],SavMon_LW_Plot_21,2026-05-26,Samuel_Kiprotich,herb_010,Quadrat 17: herb_010 is not identified yet.,field team
f39fb1ca7283bf73ae18b985a2a1d047,SPE-03,species,info,uuid:c6cc7231-7af6-4bc5-b281-565c53f21763,uuid:c6cc7231-7af6-4bc5-b281-565c53f21763/observations/quadrat_repeat[17],SavMon_LW_Plot_21,2026-05-26,Samuel_Kiprotich,herb_024,Quadrat 17: herb_024 is not identified yet.,field team
663e5e81b5102f4a0c5a9153270b7080,SPE-03,species,info,uuid:c6cc7231-7af6-4bc5-b281-565c53f21763,uuid:c6cc7231-7af6-4bc5-b281-565c53f21763/observations/quadrat_repeat[17],SavMon_LW_Plot_21,2026-05-26,Samuel_Kiprotich,herb_029,Quadrat 17: herb_029 is not identified yet.,field team
e2633beaaa903b7f620d4c0dcc5e48d8,SPE-03,species,info,uuid:c6cc7231-7af6-4bc5-b281-565c53f21763,uuid:c6cc7231-7af6-4bc5-b281-565c53f21763/observations/quadrat_repeat[20],SavMon_LW_Plot_21,2026-05-26,Samuel_Kiprotich,herb_010,Quadrat 20: herb_010 is not identified yet.,field team
cb09c87c45ff763d824cc06f6617a101,SPE-03,species,info,uuid:c6cc7231-7af6-4bc5-b281-565c53f21763,uuid:c6cc7231-7af6-4bc5-b281-565c53f21763/observations/quadrat_repeat[20],SavMon_LW_Plot_21,2026-05-26,Samuel_Kiprotich,herb_011,Quadrat 20: herb_011 is not identified yet.,field team
e1b3a4600393418668af8fd63d1aa392,SPE-03,species,info,uuid:49d73df9-2d36-4a1e-aa29-6f94f23a7513,uuid:49d73df9-2d36-4a1e-aa29-6f94f23a7513/observations/quadrat_repeat[1],SavMon_LW_Plot_21,2026-05-26,Grace_Achieng,herb_010,Quadrat 1: herb_010 is not identified yet.,field team
0b4e76fb0705962ae4c8d1164a9d1eb6,SPE-03,species,info,uuid:49d73df9-2d36-4a1e-aa29-6f94f23a7513,uuid:49d73df9-2d36-4a1e-aa29-6f94f23a7513/observations/quadrat_repeat[1],SavMon_LW_Plot_21,2026-05-26,Grace_Achieng,herb_045,Quadrat 1: herb_045 is not identified yet.,field team
2a38b43479a3839853685a4c60e24db9,SPE-03,species,info,uuid:49d73df9-2d36-4a1e-aa29-6f94f23a7513,uuid:49d73df9-2d36-4a1e-aa29-6f94f23a7513/observations/quadrat_repeat[2],SavMon_LW_Plot_21,2026-05-26,Grace_Achieng,herb_010,Quadrat 2: herb_010 is not identified yet.,field team
1fc015ea1f093e66ee3d7fa944e13646,SPE-03,species,info,uuid:49d73df9-2d36-4a1e-aa29-6f94f23a7513,uuid:49d73df9-2d36-4a1e-aa29-6f94f23a7513/observations/quadrat_repeat[3],SavMon_LW_Plot_21,2026-05-26,Grace_Achieng,herb_010,Quadrat 3: herb_010 is not identified yet.,field team
7eda97848eba34520be4d57ecefe458f,SPE-03,species,info,uuid:49d73df9-2d36-4a1e-aa29-6f94f23a7513,uuid:49d73df9-2d36-4a1e-aa29-6f94f23a7513/observations/quadrat_repeat[4],SavMon_LW_Plot_21,2026-05-26,Grace_Achieng,herb_009,Quadrat 4: herb_009 is not identified yet.,field team
6b9d32916c9ea63a6475ca3e0f9904c8,SPE-03,species,info,uuid:49d73df9-2d36-4a1e-aa29-6f94f23a7513,uuid:49d73df9-2d36-4a1e-aa29-6f94f23a7513/observations/quadrat_repeat[4],SavMon_LW_Plot_21,2026-05-26,Grace_Achieng,herb_010,Quadrat 4: herb_010 is not identified yet.,field team
9d90aa0920ca5310c013ad28ac4930d6,SPE-03,species,info,uuid:49d73df9-2d36-4a1e-aa29-6f94f23a7513,uuid:49d73df9-2d36-4a1e-aa29-6f94f23a7513/observations/quadrat_repeat[5],SavMon_LW_Plot_21,2026-05-26,Grace_Achieng,herb_010,Quadrat 5: herb_010 is not identified yet.,field team
95a2cd5b48f36d2e49e3bd0dcf04543d,SPE-03,species,info,uuid:49d73df9-2d36-4a1e-aa29-6f94f23a7513,uuid:49d73df9-2d36-4a1e-aa29-6f94f23a7513/observations/quadrat_repeat[5],SavMon_LW_Plot_21,2026-05-26,Grace_Achieng,herb_016,Quadrat 5: herb_016 is not identified yet.,field team
f8d71aa12c4a94d10d1707128e2a349e,SPE-03,species,info,uuid:49d73df9-2d36-4a1e-aa29-6f94f23a7513,uuid:49d73df9-2d36-4a1e-aa29-6f94f23a7513/observations/quadrat_repeat[6],SavMon_LW_Plot_21,2026-05-26,Grace_Achieng,herb_002,Quadrat 6: herb_002 is not identified yet.,field team
d1c205a8a98d86c024b25ea7ade6b87c,SPE-03,species,info,uuid:49d73df9-2d36-4a1e-aa29-6f94f23a7513,uuid:49d73df9-2d36-4a1e-aa29-6f94f23a7513/observations/quadrat_repeat[9],SavMon_LW_Plot_21,2026-05-26,Grace_Achieng,herb_017,Quadrat 9: herb_017 is not identified yet.,field team
e87d07a556130d44cdfec9a5bdf7b49a,SPE-03,species,info,uuid:49d73df9-2d36-4a1e-aa29-6f94f23a7513,uuid:49d73df9-2d36-4a1e-aa29-6f94f23a7513/observations/quadrat_repeat[9],SavMon_LW_Plot_21,2026-05-26,Grace_Achieng,herb_101,Quadrat 9: herb_101 is not identified yet.,field team
9badc35f34f9311f63e188010e6bc5e5,SPE-03,species,info,uuid:49d73df9-2d36-4a1e-aa29-6f94f23a7513,uuid:49d73df9-2d36-4a1e-aa29-6f94f23a7513/observations/quadrat_repeat[10],SavMon_LW_Plot_21,2026-05-26,Grace_Achieng,herb_017,Quadrat 10: herb_017 is not identified yet.,field team
cc5cb5a1cd6f49e89747db78331ea055,SPE-03,species,info,uuid:49d73df9-2d36-4a1e-aa29-6f94f23a7513,uuid:49d73df9-2d36-4a1e-aa29-6f94f23a7513/observations/quadrat_repeat[10],SavMon_LW_Plot_21,2026-05-26,Grace_Achieng,herb_101,Quadrat 10: herb_101 is not identified yet.,field team
516ef48c1e57bc8610abb9c6ad7ce71c,SPE-03,species,info,uuid:49d73df9-2d36-4a1e-aa29-6f94f23a7513,uuid:49d73df9-2d36-4a1e-aa29-6f94f23a7513/observations/quadrat_repeat[11],SavMon_LW_Plot_21,2026-05-26,Grace_Achieng,herb_016,Quadrat 11: herb_016 is not identified yet.,field team
4577be37c28e9fe05bc4e054d18285ba,SPE-03,species,info,uuid:49d73df9-2d36-4a1e-aa29-6f94f23a7513,uuid:49d73df9-2d36-4a1e-aa29-6f94f23a7513/observations/quadrat_repeat[11],SavMon_LW_Plot_21,2026-05-26,Grace_Achieng,herb_017,Quadrat 11: herb_017 is not identified yet.,field team
9bb8c7677861504f18263ff5a6a75004,SPE-03,species,info,uuid:49d73df9-2d36-4a1e-aa29-6f94f23a7513,uuid:49d73df9-2d36-4a1e-aa29-6f94f23a7513/observations/quadrat_repeat[12],SavMon_LW_Plot_21,2026-05-26,Grace_Achieng,herb_017,Quadrat 12: herb_017 is not identified yet.,field team
02f08463c38522484d3f9d0b883ee169,SPE-03,species,info,uuid:49d73df9-2d36-4a1e-aa29-6f94f23a7513,uuid:49d73df9-2d36-4a1e-aa29-6f94f23a7513/observations/quadrat_repeat[12],SavMon_LW_Plot_21,2026-05-26,Grace_Achieng,herb_101,Quadrat 12: herb_101 is not identified yet.,field team
e96a9562c54080ab17b7aa78524d2b84,SPE-03,species,info,uuid:49d73df9-2d36-4a1e-aa29-6f94f23a7513,uuid:49d73df9-2d36-4a1e-aa29-6f94f23a7513/observations/quadrat_repeat[13],SavMon_LW_Plot_21,2026-05-26,Grace_Achieng,herb_017,Quadrat 13: herb_017 is not identified yet.,field team
82da2d9549ae21c8cf0d78c94a7df099,SPE-03,species,info,uuid:49d73df9-2d36-4a1e-aa29-6f94f23a7513,uuid:49d73df9-2d36-4a1e-aa29-6f94f23a7513/observations/quadrat_repeat[14],SavMon_LW_Plot_21,2026-05-26,Grace_Achieng,herb_009,Quadrat 14: herb_009 is not identified yet.,field team
065e80fd8806ea35a2a2218857ef863d,SPE-03,species,info,uuid:49d73df9-2d36-4a1e-aa29-6f94f23a7513,uuid:49d73df9-2d36-4a1e-aa29-6f94f23a7513/observations/quadrat_repeat[14],SavMon_LW_Plot_21,2026-05-26,Grace_Achieng,herb_017,Quadrat 14: herb_017 is not identified yet.,field team
3c0c8bfcafb26cc3a1af85ec3e0108eb,SPE-03,species,info,uuid:49d73df9-2d36-4a1e-aa29-6f94f23a7513,uuid:49d73df9-2d36-4a1e-aa29-6f94f23a7513/observations/quadrat_repeat[15],SavMon_LW_Plot_21,2026-05-26,Grace_Achieng,herb_010,Quadrat 15: herb_010 is not identified yet.,field team
ced5936faf8bccd9787ac65add30c3f7,SPE-03,species,info,uuid:49d73df9-2d36-4a1e-aa29-6f94f23a7513,uuid:49d73df9-2d36-4a1e-aa29-6f94f23a7513/observations/quadrat_repeat[15],SavMon_LW_Plot_21,2026-05-26,Grace_Achieng,herb_054,Quadrat 15: herb_054 is not identified yet.,field team
be6d495166719ad8c59a421377164f3a,SPE-03,species,info,uuid:49d73df9-2d36-4a1e-aa29-6f94f23a7513,uuid:49d73df9-2d36-4a1e-aa29-6f94f23a7513/observations/quadrat_repeat[16],SavMon_LW_Plot_21,2026-05-26,Grace_Achieng,herb_009,Quadrat 16: herb_009 is not identified yet.,field team
e87c82e54614937253a448e8b5ea725d,SPE-03,species,info,uuid:49d73df9-2d36-4a1e-aa29-6f94f23a7513,uuid:49d73df9-2d36-4a1e-aa29-6f94f23a7513/observations/quadrat_repeat[16],SavMon_LW_Plot_21,2026-05-26,Grace_Achieng,herb_010,Quadrat 16: herb_010 is not identified yet.,field team
2276f598f450a74149dae57c607a0d3f,SPE-03,species,info,uuid:49d73df9-2d36-4a1e-aa29-6f94f23a7513,uuid:49d73df9-2d36-4a1e-aa29-6f94f23a7513/observations/quadrat_repeat[16],SavMon_LW_Plot_21,2026-05-26,Grace_Achieng,herb_045,Quadrat 16: herb_045 is not identified yet.,field team
a030077003dd9498fb2befa5c948b38a,SPE-03,species,info,uuid:49d73df9-2d36-4a1e-aa29-6f94f23a7513,uuid:49d73df9-2d36-4a1e-aa29-6f94f23a7513/observations/quadrat_repeat[17],SavMon_LW_Plot_21,2026-05-26,Grace_Achieng,herb_009,Quadrat 17: herb_009 is not identified yet.,field team
6fe7d19f0130ca0bd271caa35c283f97,SPE-03,species,info,uuid:49d73df9-2d36-4a1e-aa29-6f94f23a7513,uuid:49d73df9-2d36-4a1e-aa29-6f94f23a7513/observations/quadrat_repeat[17],SavMon_LW_Plot_21,2026-05-26,Grace_Achieng,herb_029,Quadrat 17: herb_029 is not identified yet.,field team
5406710b49f9e14f78c87148e3a317ba,SPE-03,species,info,uuid:49d73df9-2d36-4a1e-aa29-6f94f23a7513,uuid:49d73df9-2d36-4a1e-aa29-6f94f23a7513/observations/quadrat_repeat[20],SavMon_LW_Plot_21,2026-05-26,Grace_Achieng,herb_009,Quadrat 20: herb_009 is not identified yet.,field team
e9df3d7fd4634150ef1379b6540d2905,SPE-03,species,info,uuid:cf362fbc-991a-4db1-8d49-6c1d29fd49c8,uuid:cf362fbc-991a-4db1-8d49-6c1d29fd49c8/observations/quadrat_repeat[2],SavMon_LW_Plot_18,2026-05-26,Grace_Achieng,herb_011,Quadrat 2: herb_011 is not identified yet.,field team
be67d5b2140c141a1715989650cd5a06,SPE-03,species,info,uuid:cf362fbc-991a-4db1-8d49-6c1d29fd49c8,uuid:cf362fbc-991a-4db1-8d49-6c1d29fd49c8/observations/quadrat_repeat[4],SavMon_LW_Plot_18,2026-05-26,Grace_Achieng,herb_100,Quadrat 4: herb_100 is not identified yet.,field team
85bce839c5d7fe6f271800302cb58a55,SPE-03,species,info,uuid:cf362fbc-991a-4db1-8d49-6c1d29fd49c8,uuid:cf362fbc-991a-4db1-8d49-6c1d29fd49c8/observations/quadrat_repeat[8],SavMon_LW_Plot_18,2026-05-26,Grace_Achieng,herb_017,Quadrat 8: herb_017 is not identified yet.,field team
bf03c8619d16e74778c1c2046ade427a,SPE-03,species,info,uuid:cf362fbc-991a-4db1-8d49-6c1d29fd49c8,uuid:cf362fbc-991a-4db1-8d49-6c1d29fd49c8/observations/quadrat_repeat[9],SavMon_LW_Plot_18,2026-05-26,Grace_Achieng,herb_016,Quadrat 9: herb_016 is not identified yet.,field team
cda09a8342b4de2a2803e77cefff0d7f,SPE-03,species,info,uuid:cf362fbc-991a-4db1-8d49-6c1d29fd49c8,uuid:cf362fbc-991a-4db1-8d49-6c1d29fd49c8/observations/quadrat_repeat[9],SavMon_LW_Plot_18,2026-05-26,Grace_Achieng,herb_029,Quadrat 9: herb_029 is not identified yet.,field team
b41e806faf11093b086c1d72101a6315,SPE-03,species,info,uuid:cf362fbc-991a-4db1-8d49-6c1d29fd49c8,uuid:cf362fbc-991a-4db1-8d49-6c1d29fd49c8/observations/quadrat_repeat[10],SavMon_LW_Plot_18,2026-05-26,Grace_Achieng,herb_016,Quadrat 10: herb_016 is not identified yet.,field team
16f7da2a402c9bf77aed343eae089206,SPE-03,species,info,uuid:cf362fbc-991a-4db1-8d49-6c1d29fd49c8,uuid:cf362fbc-991a-4db1-8d49-6c1d29fd49c8/observations/quadrat_repeat[11],SavMon_LW_Plot_18,2026-05-26,Grace_Achieng,herb_016,Quadrat 11: herb_016 is not identified yet.,field team
550e0293780501551860b4c249340b3a,SPE-03,species,info,uuid:cf362fbc-991a-4db1-8d49-6c1d29fd49c8,uuid:cf362fbc-991a-4db1-8d49-6c1d29fd49c8/observations/quadrat_repeat[11],SavMon_LW_Plot_18,2026-05-26,Grace_Achieng,herb_017,Quadrat 11: herb_017 is not identified yet.,field team
91b3d3b0bdcdc697b5d22991c3497c1b,SPE-03,species,info,uuid:cf362fbc-991a-4db1-8d49-6c1d29fd49c8,uuid:cf362fbc-991a-4db1-8d49-6c1d29fd49c8/observations/quadrat_repeat[12],SavMon_LW_Plot_18,2026-05-26,Grace_Achieng,herb_016,Quadrat 12: herb_016 is not identified yet.,field team
f4a15e3e495107cc88d805e89c6314a5,SPE-03,species,info,uuid:cf362fbc-991a-4db1-8d49-6c1d29fd49c8,uuid:cf362fbc-991a-4db1-8d49-6c1d29fd49c8/observations/quadrat_repeat[12],SavMon_LW_Plot_18,2026-05-26,Grace_Achieng,herb_017,Quadrat 12: herb_017 is not identified yet.,field team
b3d8795f5db9b4206a0f8859ff1f6d03,SPE-03,species,info,uuid:cf362fbc-991a-4db1-8d49-6c1d29fd49c8,uuid:cf362fbc-991a-4db1-8d49-6c1d29fd49c8/observations/quadrat_repeat[13],SavMon_LW_Plot_18,2026-05-26,Grace_Achieng,herb_076,Quadrat 13: herb_076 is not identified yet.,field team
824ab47c09d0b66e82c0952c40229d70,SPE-03,species,info,uuid:cf362fbc-991a-4db1-8d49-6c1d29fd49c8,uuid:cf362fbc-991a-4db1-8d49-6c1d29fd49c8/observations/quadrat_repeat[14],SavMon_LW_Plot_18,2026-05-26,Grace_Achieng,herb_017,Quadrat 14: herb_017 is not identified yet.,field team
c6f0b6b8a392c6423cd2a03b68ba8000,SPE-03,species,info,uuid:cf362fbc-991a-4db1-8d49-6c1d29fd49c8,uuid:cf362fbc-991a-4db1-8d49-6c1d29fd49c8/observations/quadrat_repeat[15],SavMon_LW_Plot_18,2026-05-26,Grace_Achieng,herb_017,Quadrat 15: herb_017 is not identified yet.,field team
83d9a97d61471f1b5dfa33b073421cde,SPE-03,species,info,uuid:cf362fbc-991a-4db1-8d49-6c1d29fd49c8,uuid:cf362fbc-991a-4db1-8d49-6c1d29fd49c8/observations/quadrat_repeat[17],SavMon_LW_Plot_18,2026-05-26,Grace_Achieng,herb_012,Quadrat 17: herb_012 is not identified yet.,field team
a9a598fa54b90a5b60901fa1c63b1613,SPE-03,species,info,uuid:cf362fbc-991a-4db1-8d49-6c1d29fd49c8,uuid:cf362fbc-991a-4db1-8d49-6c1d29fd49c8/observations/quadrat_repeat[19],SavMon_LW_Plot_18,2026-05-26,Grace_Achieng,herb_002,Quadrat 19: herb_002 is not identified yet.,field team
48010b887b71e22ba72131b1be91de7b,SPE-03,species,info,uuid:cf362fbc-991a-4db1-8d49-6c1d29fd49c8,uuid:cf362fbc-991a-4db1-8d49-6c1d29fd49c8/observations/quadrat_repeat[19],SavMon_LW_Plot_18,2026-05-26,Grace_Achieng,herb_017,Quadrat 19: herb_017 is not identified yet.,field team
19f7177206bfecb150640c2669831ecb,SPE-03,species,info,uuid:9e1251bb-84c1-4b7a-a8bb-bafcf7afc82c,uuid:9e1251bb-84c1-4b7a-a8bb-bafcf7afc82c/observations/quadrat_repeat[2],SavMon_LW_Plot_11,2026-05-26,Grace_Achieng,herb_002,Quadrat 2: herb_002 is not identified yet.,field team
3716da320f7f110ba2870f1dfb1a49de,SPE-03,species,info,uuid:9e1251bb-84c1-4b7a-a8bb-bafcf7afc82c,uuid:9e1251bb-84c1-4b7a-a8bb-bafcf7afc82c/observations/quadrat_repeat[2],SavMon_LW_Plot_11,2026-05-26,Grace_Achieng,herb_054,Quadrat 2: herb_054 is not identified yet.,field team
4b86e3fdfa732a034e8857ea06bbb63f,SPE-03,species,info,uuid:9e1251bb-84c1-4b7a-a8bb-bafcf7afc82c,uuid:9e1251bb-84c1-4b7a-a8bb-bafcf7afc82c/observations/quadrat_repeat[3],SavMon_LW_Plot_11,2026-05-26,Grace_Achieng,herb_029,Quadrat 3: herb_029 is not identified yet.,field team
f9386d9b723e7bd21f60874638f75640,SPE-03,species,info,uuid:9e1251bb-84c1-4b7a-a8bb-bafcf7afc82c,uuid:9e1251bb-84c1-4b7a-a8bb-bafcf7afc82c/observations/quadrat_repeat[4],SavMon_LW_Plot_11,2026-05-26,Grace_Achieng,herb_017,Quadrat 4: herb_017 is not identified yet.,field team
dda339389e314c362aa47bfcd9340288,SPE-03,species,info,uuid:9e1251bb-84c1-4b7a-a8bb-bafcf7afc82c,uuid:9e1251bb-84c1-4b7a-a8bb-bafcf7afc82c/observations/quadrat_repeat[4],SavMon_LW_Plot_11,2026-05-26,Grace_Achieng,herb_049,Quadrat 4: herb_049 is not identified yet.,field team
5776093fd95987559cbe97b6a2bb3fdf,SPE-03,species,info,uuid:9e1251bb-84c1-4b7a-a8bb-bafcf7afc82c,uuid:9e1251bb-84c1-4b7a-a8bb-bafcf7afc82c/observations/quadrat_repeat[8],SavMon_LW_Plot_11,2026-05-26,Grace_Achieng,herb_002,Quadrat 8: herb_002 is not identified yet.,field team
b88596e6a70083e7a0b6bcdf7db4eb9c,SPE-03,species,info,uuid:9e1251bb-84c1-4b7a-a8bb-bafcf7afc82c,uuid:9e1251bb-84c1-4b7a-a8bb-bafcf7afc82c/observations/quadrat_repeat[10],SavMon_LW_Plot_11,2026-05-26,Grace_Achieng,herb_002,Quadrat 10: herb_002 is not identified yet.,field team
16e5159c9330d37976de90568b8eb8b9,SPE-03,species,info,uuid:9e1251bb-84c1-4b7a-a8bb-bafcf7afc82c,uuid:9e1251bb-84c1-4b7a-a8bb-bafcf7afc82c/observations/quadrat_repeat[11],SavMon_LW_Plot_11,2026-05-26,Grace_Achieng,herb_029,Quadrat 11: herb_029 is not identified yet.,field team
13a97ea2034c4a2cbd75aef903b4a1ff,SPE-03,species,info,uuid:9e1251bb-84c1-4b7a-a8bb-bafcf7afc82c,uuid:9e1251bb-84c1-4b7a-a8bb-bafcf7afc82c/observations/quadrat_repeat[13],SavMon_LW_Plot_11,2026-05-26,Grace_Achieng,herb_002,Quadrat 13: herb_002 is not identified yet.,field team
99a03fe035d561ec92072536127aa2b8,SPE-03,species,info,uuid:9e1251bb-84c1-4b7a-a8bb-bafcf7afc82c,uuid:9e1251bb-84c1-4b7a-a8bb-bafcf7afc82c/observations/quadrat_repeat[14],SavMon_LW_Plot_11,2026-05-26,Grace_Achieng,herb_029,Quadrat 14: herb_029 is not identified yet.,field team
a878cc2d379b0aef90b6c3fc8c9ef62c,SPE-03,species,info,uuid:9e1251bb-84c1-4b7a-a8bb-bafcf7afc82c,uuid:9e1251bb-84c1-4b7a-a8bb-bafcf7afc82c/observations/quadrat_repeat[15],SavMon_LW_Plot_11,2026-05-26,Grace_Achieng,herb_017,Quadrat 15: herb_017 is not identified yet.,field team
b7914e9bc86426db5603d7920793bb5f,SPE-03,species,info,uuid:9e1251bb-84c1-4b7a-a8bb-bafcf7afc82c,uuid:9e1251bb-84c1-4b7a-a8bb-bafcf7afc82c/observations/quadrat_repeat[17],SavMon_LW_Plot_11,2026-05-26,Grace_Achieng,herb_002,Quadrat 17: herb_002 is not identified yet.,field team
587bb0765ab244f5ce043f0a9fa8c93b,SPE-03,species,info,uuid:9e1251bb-84c1-4b7a-a8bb-bafcf7afc82c,uuid:9e1251bb-84c1-4b7a-a8bb-bafcf7afc82c/observations/quadrat_repeat[18],SavMon_LW_Plot_11,2026-05-26,Grace_Achieng,herb_017,Quadrat 18: herb_017 is not identified yet.,field team
864e60aabd40a4440b60ce4c747c5cde,SPE-03,species,info,uuid:9e1251bb-84c1-4b7a-a8bb-bafcf7afc82c,uuid:9e1251bb-84c1-4b7a-a8bb-bafcf7afc82c/observations/quadrat_repeat[19],SavMon_LW_Plot_11,2026-05-26,Grace_Achieng,herb_054,Quadrat 19: herb_054 is not identified yet.,field team
c66a4280340127ee890505163ebfe557,SPE-03,species,info,uuid:9e1251bb-84c1-4b7a-a8bb-bafcf7afc82c,uuid:9e1251bb-84c1-4b7a-a8bb-bafcf7afc82c/observations/quadrat_repeat[20],SavMon_LW_Plot_11,2026-05-26,Grace_Achieng,herb_002,Quadrat 20: herb_002 is not identified yet.,field team
16381abfbc6b9e32a07b33e1a403b03e,SPE-03,species,info,uuid:9e1251bb-84c1-4b7a-a8bb-bafcf7afc82c,uuid:9e1251bb-84c1-4b7a-a8bb-bafcf7afc82c/observations/quadrat_repeat[20],SavMon_LW_Plot_11,2026-05-26,Grace_Achieng,herb_029,Quadrat 20: herb_029 is not identified yet.,field team
ede73a7399bd55d0c8bfa223043c7877,SPE-03,species,info,uuid:9e1251bb-84c1-4b7a-a8bb-bafcf7afc82c,uuid:9e1251bb-84c1-4b7a-a8bb-bafcf7afc82c/observations/quadrat_repeat[20],SavMon_LW_Plot_11,2026-05-26,Grace_Achieng,herb_054,Quadrat 20: herb_054 is not identified yet.,field team
5a5e383183b275cc3e4207a601cfba2d,SPE-03,species,info,uuid:81e3bc36-700f-465d-a1aa-48ebed04a78c,uuid:81e3bc36-700f-465d-a1aa-48ebed04a78c/observations/quadrat_repeat[2],SavMon_LW_Plot_18,2026-05-26,Grace_Achieng,herb_011,Quadrat 2: herb_011 is not identified yet.,field team
b4a6d398e6e0e353eb42fb6812960fde,SPE-03,species,info,uuid:81e3bc36-700f-465d-a1aa-48ebed04a78c,uuid:81e3bc36-700f-465d-a1aa-48ebed04a78c/observations/quadrat_repeat[4],SavMon_LW_Plot_18,2026-05-26,Grace_Achieng,herb_100,Quadrat 4: herb_100 is not identified yet.,field team
dfdd37d00ec901ffecd27c66e7005780,SPE-03,species,info,uuid:81e3bc36-700f-465d-a1aa-48ebed04a78c,uuid:81e3bc36-700f-465d-a1aa-48ebed04a78c/observations/quadrat_repeat[7],SavMon_LW_Plot_18,2026-05-26,Grace_Achieng,herb_016,Quadrat 7: herb_016 is not identified yet.,field team
4bb9ccd98933a66f7a4f84aca101f2b1,SPE-03,species,info,uuid:81e3bc36-700f-465d-a1aa-48ebed04a78c,uuid:81e3bc36-700f-465d-a1aa-48ebed04a78c/observations/quadrat_repeat[8],SavMon_LW_Plot_18,2026-05-26,Grace_Achieng,herb_016,Quadrat 8: herb_016 is not identified yet.,field team
1b27c3c846c4d718f125ea7d344ce3dc,SPE-03,species,info,uuid:81e3bc36-700f-465d-a1aa-48ebed04a78c,uuid:81e3bc36-700f-465d-a1aa-48ebed04a78c/observations/quadrat_repeat[8],SavMon_LW_Plot_18,2026-05-26,Grace_Achieng,herb_017,Quadrat 8: herb_017 is not identified yet.,field team
0d446b2bf71e3d85db2c883e869cb342,SPE-03,species,info,uuid:81e3bc36-700f-465d-a1aa-48ebed04a78c,uuid:81e3bc36-700f-465d-a1aa-48ebed04a78c/observations/quadrat_repeat[9],SavMon_LW_Plot_18,2026-05-26,Grace_Achieng,herb_016,Quadrat 9: herb_016 is not identified yet.,field team
cdbe0bfdfe98802564b1803fb151016e,SPE-03,species,info,uuid:81e3bc36-700f-465d-a1aa-48ebed04a78c,uuid:81e3bc36-700f-465d-a1aa-48ebed04a78c/observations/quadrat_repeat[9],SavMon_LW_Plot_18,2026-05-26,Grace_Achieng,herb_029,Quadrat 9: herb_029 is not identified yet.,field team
0238995c8199804dd42c430532838d57,SPE-03,species,info,uuid:81e3bc36-700f-465d-a1aa-48ebed04a78c,uuid:81e3bc36-700f-465d-a1aa-48ebed04a78c/observations/quadrat_repeat[10],SavMon_LW_Plot_18,2026-05-26,Grace_Achieng,herb_016,Quadrat 10: herb_016 is not identified yet.,field team
4d02ddef3db8e45b99d6fbd4b6b63b38,SPE-03,species,info,uuid:81e3bc36-700f-465d-a1aa-48ebed04a78c,uuid:81e3bc36-700f-465d-a1aa-48ebed04a78c/observations/quadrat_repeat[11],SavMon_LW_Plot_18,2026-05-26,Grace_Achieng,herb_016,Quadrat 11: herb_016 is not identified yet.,field team
18516a3835c27f4df4805f3c508e0db9,SPE-03,species,info,uuid:81e3bc36-700f-465d-a1aa-48ebed04a78c,uuid:81e3bc36-700f-465d-a1aa-48ebed04a78c/observations/quadrat_repeat[11],SavMon_LW_Plot_18,2026-05-26,Grace_Achieng,herb_017,Quadrat 11: herb_017 is not identified yet.,field team
107223ca93a858cd669e6fd364fe5674,SPE-03,species,info,uuid:81e3bc36-700f-465d-a1aa-48ebed04a78c,uuid:81e3bc36-700f-465d-a1aa-48ebed04a78c/observations/quadrat_repeat[12],SavMon_LW_Plot_18,2026-05-26,Grace_Achieng,herb_016,Quadrat 12: herb_016 is not identified yet.,field team
c080036172225455c7962dca4504bf8c,SPE-03,species,info,uuid:81e3bc36-700f-465d-a1aa-48ebed04a78c,uuid:81e3bc36-700f-465d-a1aa-48ebed04a78c/observations/quadrat_repeat[13],SavMon_LW_Plot_18,2026-05-26,Grace_Achieng,herb_017,Quadrat 13: herb_017 is not identified yet.,field team
2d94d602e6f42e7eaf41836b4e87a6ff,SPE-03,species,info,uuid:81e3bc36-700f-465d-a1aa-48ebed04a78c,uuid:81e3bc36-700f-465d-a1aa-48ebed04a78c/observations/quadrat_repeat[13],SavMon_LW_Plot_18,2026-05-26,Grace_Achieng,herb_076,Quadrat 13: herb_076 is not identified yet.,field team
17e0941c2b83ad80e43f7c0ae3aa30d7,SPE-03,species,info,uuid:81e3bc36-700f-465d-a1aa-48ebed04a78c,uuid:81e3bc36-700f-465d-a1aa-48ebed04a78c/observations/quadrat_repeat[15],SavMon_LW_Plot_18,2026-05-26,Grace_Achieng,herb_017,Quadrat 15: herb_017 is not identified yet.,field team
7dd469c0b0a324c02e9a1622e95ab50c,SPE-03,species,info,uuid:81e3bc36-700f-465d-a1aa-48ebed04a78c,uuid:81e3bc36-700f-465d-a1aa-48ebed04a78c/observations/quadrat_repeat[17],SavMon_LW_Plot_18,2026-05-26,Grace_Achieng,herb_012,Quadrat 17: herb_012 is not identified yet.,field team
de8d740debc621ee0c51435dfaf82621,SPE-03,species,info,uuid:81e3bc36-700f-465d-a1aa-48ebed04a78c,uuid:81e3bc36-700f-465d-a1aa-48ebed04a78c/observations/quadrat_repeat[18],SavMon_LW_Plot_18,2026-05-26,Grace_Achieng,herb_017,Quadrat 18: herb_017 is not identified yet.,field team
c0febd477ef013efeef451a7c4449206,SPE-03,species,info,uuid:81e3bc36-700f-465d-a1aa-48ebed04a78c,uuid:81e3bc36-700f-465d-a1aa-48ebed04a78c/observations/quadrat_repeat[19],SavMon_LW_Plot_18,2026-05-26,Grace_Achieng,herb_017,Quadrat 19: herb_017 is not identified yet.,field team
ed3f63d5e3ad3c33d103dcff84e3c80e,SPE-03,species,info,uuid:938c15e5-c942-49aa-8e6d-9633189870ff,uuid:938c15e5-c942-49aa-8e6d-9633189870ff/observations/quadrat_repeat[1],SavMon_LW_Plot_29,2026-05-26,Samuel_Kiprotich,herb_002,Quadrat 1: herb_002 is not identified yet.,field team
70af274ec64861725b99a3429ca28ccf,SPE-03,species,info,uuid:938c15e5-c942-49aa-8e6d-9633189870ff,uuid:938c15e5-c942-49aa-8e6d-9633189870ff/observations/quadrat_repeat[1],SavMon_LW_Plot_29,2026-05-26,Samuel_Kiprotich,herb_017,Quadrat 1: herb_017 is not identified yet.,field team
60b387a0403967d47d0fdd40b1b39421,SPE-03,species,info,uuid:938c15e5-c942-49aa-8e6d-9633189870ff,uuid:938c15e5-c942-49aa-8e6d-9633189870ff/observations/quadrat_repeat[4],SavMon_LW_Plot_29,2026-05-26,Samuel_Kiprotich,herb_017,Quadrat 4: herb_017 is not identified yet.,field team
4dbe27d47c063facb7e43ab7f7e0dd79,SPE-03,species,info,uuid:938c15e5-c942-49aa-8e6d-9633189870ff,uuid:938c15e5-c942-49aa-8e6d-9633189870ff/observations/quadrat_repeat[5],SavMon_LW_Plot_29,2026-05-26,Samuel_Kiprotich,herb_029,Quadrat 5: herb_029 is not identified yet.,field team
b7866c2f867d808f370b10eb6525f767,SPE-03,species,info,uuid:938c15e5-c942-49aa-8e6d-9633189870ff,uuid:938c15e5-c942-49aa-8e6d-9633189870ff/observations/quadrat_repeat[6],SavMon_LW_Plot_29,2026-05-26,Samuel_Kiprotich,herb_002,Quadrat 6: herb_002 is not identified yet.,field team
a6dfa7442adc7b44d492a3082d18f73b,SPE-03,species,info,uuid:938c15e5-c942-49aa-8e6d-9633189870ff,uuid:938c15e5-c942-49aa-8e6d-9633189870ff/observations/quadrat_repeat[7],SavMon_LW_Plot_29,2026-05-26,Samuel_Kiprotich,herb_002,Quadrat 7: herb_002 is not identified yet.,field team
56ee6e904ec52ee879f73f15340c4015,SPE-03,species,info,uuid:938c15e5-c942-49aa-8e6d-9633189870ff,uuid:938c15e5-c942-49aa-8e6d-9633189870ff/observations/quadrat_repeat[14],SavMon_LW_Plot_29,2026-05-26,Samuel_Kiprotich,herb_017,Quadrat 14: herb_017 is not identified yet.,field team
8c9be1a84f262f22990b7097f6a446de,SPE-03,species,info,uuid:938c15e5-c942-49aa-8e6d-9633189870ff,uuid:938c15e5-c942-49aa-8e6d-9633189870ff/observations/quadrat_repeat[16],SavMon_LW_Plot_29,2026-05-26,Samuel_Kiprotich,herb_017,Quadrat 16: herb_017 is not identified yet.,field team
e9ffefc1eee4e95a04a51d4e4fb056c7,SPE-03,species,info,uuid:938c15e5-c942-49aa-8e6d-9633189870ff,uuid:938c15e5-c942-49aa-8e6d-9633189870ff/observations/quadrat_repeat[17],SavMon_LW_Plot_29,2026-05-26,Samuel_Kiprotich,herb_017,Quadrat 17: herb_017 is not identified yet.,field team
bbeca4a03e3b82d08a740f551770d566,SPE-03,species,info,uuid:938c15e5-c942-49aa-8e6d-9633189870ff,uuid:938c15e5-c942-49aa-8e6d-9633189870ff/observations/quadrat_repeat[18],SavMon_LW_Plot_29,2026-05-26,Samuel_Kiprotich,herb_017,Quadrat 18: herb_017 is not identified yet.,field team
cd16b58cd0a2a582a7d90b8c3eb32111,SPE-03,species,info,uuid:938c15e5-c942-49aa-8e6d-9633189870ff,uuid:938c15e5-c942-49aa-8e6d-9633189870ff/observations/quadrat_repeat[19],SavMon_LW_Plot_29,2026-05-26,Samuel_Kiprotich,herb_017,Quadrat 19: herb_017 is not identified yet.,field team
bd775988b34f737a70f3339d8f6e390c,SPE-03,species,info,uuid:938c15e5-c942-49aa-8e6d-9633189870ff,uuid:938c15e5-c942-49aa-8e6d-9633189870ff/observations/quadrat_repeat[20],SavMon_LW_Plot_29,2026-05-26,Samuel_Kiprotich,herb_002,Quadrat 20: herb_002 is not identified yet.,field team
cc0ad7f02c307bcc7bb2269b98af989e,SPE-03,species,info,uuid:938c15e5-c942-49aa-8e6d-9633189870ff,uuid:938c15e5-c942-49aa-8e6d-9633189870ff/observations/quadrat_repeat[20],SavMon_LW_Plot_29,2026-05-26,Samuel_Kiprotich,herb_017,Quadrat 20: herb_017 is not identified yet.,field team
1139449eff79b15971113808eca2bd5a,SPE-03,species,info,uuid:8e5f5c9d-d697-4358-b766-db4a41f28c3e,uuid:8e5f5c9d-d697-4358-b766-db4a41f28c3e/observations/quadrat_repeat[2],SavMon_LW_Plot_25,2026-05-25,Grace_Achieng,herb_017,Quadrat 2: herb_017 is not identified yet.,field team
036c769877b6aa450dc5d1ce21809490,SPE-03,species,info,uuid:8e5f5c9d-d697-4358-b766-db4a41f28c3e,uuid:8e5f5c9d-d697-4358-b766-db4a41f28c3e/observations/quadrat_repeat[3],SavMon_LW_Plot_25,2026-05-25,Grace_Achieng,herb_080,Quadrat 3: herb_080 is not identified yet.,field team
a1f9f9f10daab6eeb5ca318d2a1d6c73,SPE-03,species,info,uuid:8e5f5c9d-d697-4358-b766-db4a41f28c3e,uuid:8e5f5c9d-d697-4358-b766-db4a41f28c3e/observations/quadrat_repeat[5],SavMon_LW_Plot_25,2026-05-25,Grace_Achieng,herb_011,Quadrat 5: herb_011 is not identified yet.,field team
9c43d0787ce14300bdbb71a4e01aef53,SPE-03,species,info,uuid:8e5f5c9d-d697-4358-b766-db4a41f28c3e,uuid:8e5f5c9d-d697-4358-b766-db4a41f28c3e/observations/quadrat_repeat[5],SavMon_LW_Plot_25,2026-05-25,Grace_Achieng,herb_029,Quadrat 5: herb_029 is not identified yet.,field team
2de7831221ac4e5cc26193a0bcfa5544,SPE-03,species,info,uuid:8e5f5c9d-d697-4358-b766-db4a41f28c3e,uuid:8e5f5c9d-d697-4358-b766-db4a41f28c3e/observations/quadrat_repeat[5],SavMon_LW_Plot_25,2026-05-25,Grace_Achieng,herb_080,Quadrat 5: herb_080 is not identified yet.,field team
9a1601cc31ed0b25da88baa80521c5c8,SPE-03,species,info,uuid:8e5f5c9d-d697-4358-b766-db4a41f28c3e,uuid:8e5f5c9d-d697-4358-b766-db4a41f28c3e/observations/quadrat_repeat[6],SavMon_LW_Plot_25,2026-05-25,Grace_Achieng,herb_017,Quadrat 6: herb_017 is not identified yet.,field team
cba3c224a0ac21712eb11da9a3ce32f0,SPE-03,species,info,uuid:8e5f5c9d-d697-4358-b766-db4a41f28c3e,uuid:8e5f5c9d-d697-4358-b766-db4a41f28c3e/observations/quadrat_repeat[8],SavMon_LW_Plot_25,2026-05-25,Grace_Achieng,herb_017,Quadrat 8: herb_017 is not identified yet.,field team
8224a0cd54b7b8a581066fa587aa0c7a,SPE-03,species,info,uuid:8e5f5c9d-d697-4358-b766-db4a41f28c3e,uuid:8e5f5c9d-d697-4358-b766-db4a41f28c3e/observations/quadrat_repeat[9],SavMon_LW_Plot_25,2026-05-25,Grace_Achieng,herb_016,Quadrat 9: herb_016 is not identified yet.,field team
9668fa36bd9667821e4544acb7fc9392,SPE-03,species,info,uuid:8e5f5c9d-d697-4358-b766-db4a41f28c3e,uuid:8e5f5c9d-d697-4358-b766-db4a41f28c3e/observations/quadrat_repeat[10],SavMon_LW_Plot_25,2026-05-25,Grace_Achieng,herb_016,Quadrat 10: herb_016 is not identified yet.,field team
0aac1d5c422ceddafe2b474cfc635bbe,SPE-03,species,info,uuid:8e5f5c9d-d697-4358-b766-db4a41f28c3e,uuid:8e5f5c9d-d697-4358-b766-db4a41f28c3e/observations/quadrat_repeat[10],SavMon_LW_Plot_25,2026-05-25,Grace_Achieng,herb_017,Quadrat 10: herb_017 is not identified yet.,field team
958a845516f17fb13fccd52e7cee32ee,SPE-03,species,info,uuid:8e5f5c9d-d697-4358-b766-db4a41f28c3e,uuid:8e5f5c9d-d697-4358-b766-db4a41f28c3e/observations/quadrat_repeat[10],SavMon_LW_Plot_25,2026-05-25,Grace_Achieng,herb_076,Quadrat 10: herb_076 is not identified yet.,field team
a2b9134902c6b0a7679ce58d99c78008,SPE-03,species,info,uuid:8e5f5c9d-d697-4358-b766-db4a41f28c3e,uuid:8e5f5c9d-d697-4358-b766-db4a41f28c3e/observations/quadrat_repeat[11],SavMon_LW_Plot_25,2026-05-25,Grace_Achieng,herb_024,Quadrat 11: herb_024 is not identified yet.,field team
d21a0ba65cab82e6f16453ccd55d08f6,SPE-03,species,info,uuid:4137458f-31e5-4355-b4ad-47858fb11503,uuid:4137458f-31e5-4355-b4ad-47858fb11503/observations/quadrat_repeat[1],SavMon_LW_Plot_04,2026-05-25,Grace_Achieng,herb_010,Quadrat 1: herb_010 is not identified yet.,field team
1a4c9b641ab50d372598ffef80e1b3e8,SPE-03,species,info,uuid:4137458f-31e5-4355-b4ad-47858fb11503,uuid:4137458f-31e5-4355-b4ad-47858fb11503/observations/quadrat_repeat[1],SavMon_LW_Plot_04,2026-05-25,Grace_Achieng,herb_016,Quadrat 1: herb_016 is not identified yet.,field team
78f489fbdb0953dda08f8c04fb8201bf,SPE-03,species,info,uuid:4137458f-31e5-4355-b4ad-47858fb11503,uuid:4137458f-31e5-4355-b4ad-47858fb11503/observations/quadrat_repeat[1],SavMon_LW_Plot_04,2026-05-25,Grace_Achieng,herb_054,Quadrat 1: herb_054 is not identified yet.,field team
fecf1f55848eca0f199aa0354ba61948,SPE-03,species,info,uuid:4137458f-31e5-4355-b4ad-47858fb11503,uuid:4137458f-31e5-4355-b4ad-47858fb11503/observations/quadrat_repeat[3],SavMon_LW_Plot_04,2026-05-25,Grace_Achieng,herb_016,Quadrat 3: herb_016 is not identified yet.,field team
af1faf912220f806e40145550d089032,SPE-03,species,info,uuid:4137458f-31e5-4355-b4ad-47858fb11503,uuid:4137458f-31e5-4355-b4ad-47858fb11503/observations/quadrat_repeat[3],SavMon_LW_Plot_04,2026-05-25,Grace_Achieng,herb_080,Quadrat 3: herb_080 is not identified yet.,field team
6f1185e6452a7374e3da9b21626b68df,SPE-03,species,info,uuid:4137458f-31e5-4355-b4ad-47858fb11503,uuid:4137458f-31e5-4355-b4ad-47858fb11503/observations/quadrat_repeat[4],SavMon_LW_Plot_04,2026-05-25,Grace_Achieng,herb_016,Quadrat 4: herb_016 is not identified yet.,field team
7b9820f5dfd3078dc3713e3f011986c4,SPE-03,species,info,uuid:4137458f-31e5-4355-b4ad-47858fb11503,uuid:4137458f-31e5-4355-b4ad-47858fb11503/observations/quadrat_repeat[5],SavMon_LW_Plot_04,2026-05-25,Grace_Achieng,herb_010,Quadrat 5: herb_010 is not identified yet.,field team
91fd06882071487059421921b73c16d1,SPE-03,species,info,uuid:4137458f-31e5-4355-b4ad-47858fb11503,uuid:4137458f-31e5-4355-b4ad-47858fb11503/observations/quadrat_repeat[6],SavMon_LW_Plot_04,2026-05-25,Grace_Achieng,herb_009,Quadrat 6: herb_009 is not identified yet.,field team
c5b6f7b2e8976e764a945b5c6c2c4290,SPE-03,species,info,uuid:4137458f-31e5-4355-b4ad-47858fb11503,uuid:4137458f-31e5-4355-b4ad-47858fb11503/observations/quadrat_repeat[7],SavMon_LW_Plot_04,2026-05-25,Grace_Achieng,herb_002,Quadrat 7: herb_002 is not identified yet.,field team
fd272f14038084bd28d521f435de436d,SPE-03,species,info,uuid:4137458f-31e5-4355-b4ad-47858fb11503,uuid:4137458f-31e5-4355-b4ad-47858fb11503/observations/quadrat_repeat[7],SavMon_LW_Plot_04,2026-05-25,Grace_Achieng,herb_010,Quadrat 7: herb_010 is not identified yet.,field team
d92cfe27693005c3cbe59d9edf13693f,SPE-03,species,info,uuid:4137458f-31e5-4355-b4ad-47858fb11503,uuid:4137458f-31e5-4355-b4ad-47858fb11503/observations/quadrat_repeat[8],SavMon_LW_Plot_04,2026-05-25,Grace_Achieng,herb_058,Quadrat 8: herb_058 is not identified yet.,field team
726585dc6b710943889fd5f1427a2adc,SPE-03,species,info,uuid:4137458f-31e5-4355-b4ad-47858fb11503,uuid:4137458f-31e5-4355-b4ad-47858fb11503/observations/quadrat_repeat[9],SavMon_LW_Plot_04,2026-05-25,Grace_Achieng,herb_080,Quadrat 9: herb_080 is not identified yet.,field team
1cf571cace4a056d30e89ca3297c2148,SPE-03,species,info,uuid:4137458f-31e5-4355-b4ad-47858fb11503,uuid:4137458f-31e5-4355-b4ad-47858fb11503/observations/quadrat_repeat[9],SavMon_LW_Plot_04,2026-05-25,Grace_Achieng,herb_094,Quadrat 9: herb_094 is not identified yet.,field team
35b2ffdda6d22f04c84ea9e6c8c2efe2,SPE-03,species,info,uuid:4137458f-31e5-4355-b4ad-47858fb11503,uuid:4137458f-31e5-4355-b4ad-47858fb11503/observations/quadrat_repeat[10],SavMon_LW_Plot_04,2026-05-25,Grace_Achieng,herb_010,Quadrat 10: herb_010 is not identified yet.,field team
ea1d7dd28dd9349e6f15cf5236789b8a,SPE-03,species,info,uuid:4137458f-31e5-4355-b4ad-47858fb11503,uuid:4137458f-31e5-4355-b4ad-47858fb11503/observations/quadrat_repeat[11],SavMon_LW_Plot_04,2026-05-25,Grace_Achieng,herb_010,Quadrat 11: herb_010 is not identified yet.,field team
e70012f5afaae9e3ebc3dd5634429ce3,SPE-03,species,info,uuid:4137458f-31e5-4355-b4ad-47858fb11503,uuid:4137458f-31e5-4355-b4ad-47858fb11503/observations/quadrat_repeat[12],SavMon_LW_Plot_04,2026-05-25,Grace_Achieng,herb_010,Quadrat 12: herb_010 is not identified yet.,field team
317688f63106f9a985df4b5fe387e362,SPE-03,species,info,uuid:4137458f-31e5-4355-b4ad-47858fb11503,uuid:4137458f-31e5-4355-b4ad-47858fb11503/observations/quadrat_repeat[13],SavMon_LW_Plot_04,2026-05-25,Grace_Achieng,herb_009,Quadrat 13: herb_009 is not identified yet.,field team
b59e384d36a7ebbce31a00d8bf2f47f1,SPE-03,species,info,uuid:4137458f-31e5-4355-b4ad-47858fb11503,uuid:4137458f-31e5-4355-b4ad-47858fb11503/observations/quadrat_repeat[13],SavMon_LW_Plot_04,2026-05-25,Grace_Achieng,herb_096,Quadrat 13: herb_096 is not identified yet.,field team
5950cc71ed6121f7bb0af568d97065d5,SPE-03,species,info,uuid:4137458f-31e5-4355-b4ad-47858fb11503,uuid:4137458f-31e5-4355-b4ad-47858fb11503/observations/quadrat_repeat[13],SavMon_LW_Plot_04,2026-05-25,Grace_Achieng,herb_097,Quadrat 13: herb_097 is not identified yet.,field team
582c70077cb7677c0684eed44e6bf49c,SPE-03,species,info,uuid:4137458f-31e5-4355-b4ad-47858fb11503,uuid:4137458f-31e5-4355-b4ad-47858fb11503/observations/quadrat_repeat[14],SavMon_LW_Plot_04,2026-05-25,Grace_Achieng,herb_010,Quadrat 14: herb_010 is not identified yet.,field team
306f6c2fe6012b52db36273cf58d3118,SPE-03,species,info,uuid:4137458f-31e5-4355-b4ad-47858fb11503,uuid:4137458f-31e5-4355-b4ad-47858fb11503/observations/quadrat_repeat[14],SavMon_LW_Plot_04,2026-05-25,Grace_Achieng,herb_014,Quadrat 14: herb_014 is not identified yet.,field team
36f0edd8beb6a3c9df1fd16d089a7b0e,SPE-03,species,info,uuid:4137458f-31e5-4355-b4ad-47858fb11503,uuid:4137458f-31e5-4355-b4ad-47858fb11503/observations/quadrat_repeat[15],SavMon_LW_Plot_04,2026-05-25,Grace_Achieng,herb_014,Quadrat 15: herb_014 is not identified yet.,field team
a2910caee3d45e8bea3525442ca63b9c,SPE-03,species,info,uuid:4137458f-31e5-4355-b4ad-47858fb11503,uuid:4137458f-31e5-4355-b4ad-47858fb11503/observations/quadrat_repeat[16],SavMon_LW_Plot_04,2026-05-25,Grace_Achieng,herb_068,Quadrat 16: herb_068 is not identified yet.,field team
7131918a0d767ac596951699579969d9,SPE-03,species,info,uuid:4137458f-31e5-4355-b4ad-47858fb11503,uuid:4137458f-31e5-4355-b4ad-47858fb11503/observations/quadrat_repeat[16],SavMon_LW_Plot_04,2026-05-25,Grace_Achieng,herb_080,Quadrat 16: herb_080 is not identified yet.,field team
ca8add82088562360b6baccafd75606e,SPE-03,species,info,uuid:4137458f-31e5-4355-b4ad-47858fb11503,uuid:4137458f-31e5-4355-b4ad-47858fb11503/observations/quadrat_repeat[19],SavMon_LW_Plot_04,2026-05-25,Grace_Achieng,herb_016,Quadrat 19: herb_016 is not identified yet.,field team
2bd5f1854a43223d403018584c2da4d1,SPE-03,species,info,uuid:430e85a3-44ce-45f4-9974-c6a61569e78b,uuid:430e85a3-44ce-45f4-9974-c6a61569e78b/observations/quadrat_repeat[1],SavMon_LW_Plot_07,2026-05-24,Grace_Achieng,herb_010,Quadrat 1: herb_010 is not identified yet.,field team
d1a5385863048214ea979b63c2693d9d,SPE-03,species,info,uuid:430e85a3-44ce-45f4-9974-c6a61569e78b,uuid:430e85a3-44ce-45f4-9974-c6a61569e78b/observations/quadrat_repeat[1],SavMon_LW_Plot_07,2026-05-24,Grace_Achieng,herb_094,Quadrat 1: herb_094 is not identified yet.,field team
35d4f2673757304f565a4d4b4731a8f4,SPE-03,species,info,uuid:430e85a3-44ce-45f4-9974-c6a61569e78b,uuid:430e85a3-44ce-45f4-9974-c6a61569e78b/observations/quadrat_repeat[2],SavMon_LW_Plot_07,2026-05-24,Grace_Achieng,herb_002,Quadrat 2: herb_002 is not identified yet.,field team
d2517b5294605d185769879525373c98,SPE-03,species,info,uuid:430e85a3-44ce-45f4-9974-c6a61569e78b,uuid:430e85a3-44ce-45f4-9974-c6a61569e78b/observations/quadrat_repeat[2],SavMon_LW_Plot_07,2026-05-24,Grace_Achieng,herb_010,Quadrat 2: herb_010 is not identified yet.,field team
0fab15ec7726cca3df1ada93186db560,SPE-03,species,info,uuid:430e85a3-44ce-45f4-9974-c6a61569e78b,uuid:430e85a3-44ce-45f4-9974-c6a61569e78b/observations/quadrat_repeat[2],SavMon_LW_Plot_07,2026-05-24,Grace_Achieng,herb_045,Quadrat 2: herb_045 is not identified yet.,field team
ccaff7af1d0b1df3f9ae48c5a77d3ef3,SPE-03,species,info,uuid:430e85a3-44ce-45f4-9974-c6a61569e78b,uuid:430e85a3-44ce-45f4-9974-c6a61569e78b/observations/quadrat_repeat[2],SavMon_LW_Plot_07,2026-05-24,Grace_Achieng,herb_094,Quadrat 2: herb_094 is not identified yet.,field team
1c9665c757278bff1ba6be989dd771bb,SPE-03,species,info,uuid:430e85a3-44ce-45f4-9974-c6a61569e78b,uuid:430e85a3-44ce-45f4-9974-c6a61569e78b/observations/quadrat_repeat[3],SavMon_LW_Plot_07,2026-05-24,Grace_Achieng,herb_002,Quadrat 3: herb_002 is not identified yet.,field team
4dbb475b39528ae7b1dc2f85b969d2ca,SPE-03,species,info,uuid:430e85a3-44ce-45f4-9974-c6a61569e78b,uuid:430e85a3-44ce-45f4-9974-c6a61569e78b/observations/quadrat_repeat[3],SavMon_LW_Plot_07,2026-05-24,Grace_Achieng,herb_045,Quadrat 3: herb_045 is not identified yet.,field team
a3fe0594c24b8bceefedf96d03f3b1bd,SPE-03,species,info,uuid:430e85a3-44ce-45f4-9974-c6a61569e78b,uuid:430e85a3-44ce-45f4-9974-c6a61569e78b/observations/quadrat_repeat[4],SavMon_LW_Plot_07,2026-05-24,Grace_Achieng,herb_045,Quadrat 4: herb_045 is not identified yet.,field team
49413fca2a47025a736b30bd73e5b028,SPE-03,species,info,uuid:430e85a3-44ce-45f4-9974-c6a61569e78b,uuid:430e85a3-44ce-45f4-9974-c6a61569e78b/observations/quadrat_repeat[4],SavMon_LW_Plot_07,2026-05-24,Grace_Achieng,herb_095,Quadrat 4: herb_095 is not identified yet.,field team
812f0a8cf63e9ea13036a60c7bceeffd,SPE-03,species,info,uuid:430e85a3-44ce-45f4-9974-c6a61569e78b,uuid:430e85a3-44ce-45f4-9974-c6a61569e78b/observations/quadrat_repeat[5],SavMon_LW_Plot_07,2026-05-24,Grace_Achieng,herb_045,Quadrat 5: herb_045 is not identified yet.,field team
678d1aebda5101a8c2f8f9c4d31c1ef3,SPE-03,species,info,uuid:430e85a3-44ce-45f4-9974-c6a61569e78b,uuid:430e85a3-44ce-45f4-9974-c6a61569e78b/observations/quadrat_repeat[6],SavMon_LW_Plot_07,2026-05-24,Grace_Achieng,herb_035,Quadrat 6: herb_035 is not identified yet.,field team
b65718b3b8228b96edc9ce8e99d2dd30,SPE-03,species,info,uuid:430e85a3-44ce-45f4-9974-c6a61569e78b,uuid:430e85a3-44ce-45f4-9974-c6a61569e78b/observations/quadrat_repeat[9],SavMon_LW_Plot_07,2026-05-24,Grace_Achieng,herb_002,Quadrat 9: herb_002 is not identified yet.,field team
c7049f8b8399a8786e0437bb93695f59,SPE-03,species,info,uuid:430e85a3-44ce-45f4-9974-c6a61569e78b,uuid:430e85a3-44ce-45f4-9974-c6a61569e78b/observations/quadrat_repeat[9],SavMon_LW_Plot_07,2026-05-24,Grace_Achieng,herb_035,Quadrat 9: herb_035 is not identified yet.,field team
d02e38709a1bd6691e4bea10e0fbdfd9,SPE-03,species,info,uuid:430e85a3-44ce-45f4-9974-c6a61569e78b,uuid:430e85a3-44ce-45f4-9974-c6a61569e78b/observations/quadrat_repeat[9],SavMon_LW_Plot_07,2026-05-24,Grace_Achieng,herb_095,Quadrat 9: herb_095 is not identified yet.,field team
5d185c4d19ea2b02754dcee4be4bd4e2,SPE-03,species,info,uuid:430e85a3-44ce-45f4-9974-c6a61569e78b,uuid:430e85a3-44ce-45f4-9974-c6a61569e78b/observations/quadrat_repeat[10],SavMon_LW_Plot_07,2026-05-24,Grace_Achieng,herb_002,Quadrat 10: herb_002 is not identified yet.,field team
db5152839073d15527d9011ee9d9defb,SPE-03,species,info,uuid:430e85a3-44ce-45f4-9974-c6a61569e78b,uuid:430e85a3-44ce-45f4-9974-c6a61569e78b/observations/quadrat_repeat[10],SavMon_LW_Plot_07,2026-05-24,Grace_Achieng,herb_011,Quadrat 10: herb_011 is not identified yet.,field team
c5b3f429f372a6c3398f86b0d4f42ce1,SPE-03,species,info,uuid:430e85a3-44ce-45f4-9974-c6a61569e78b,uuid:430e85a3-44ce-45f4-9974-c6a61569e78b/observations/quadrat_repeat[10],SavMon_LW_Plot_07,2026-05-24,Grace_Achieng,herb_035,Quadrat 10: herb_035 is not identified yet.,field team
ba90b7bead7e3356b80ae0151c38bd9c,SPE-03,species,info,uuid:430e85a3-44ce-45f4-9974-c6a61569e78b,uuid:430e85a3-44ce-45f4-9974-c6a61569e78b/observations/quadrat_repeat[10],SavMon_LW_Plot_07,2026-05-24,Grace_Achieng,herb_094,Quadrat 10: herb_094 is not identified yet.,field team
64619eb8c763b08e94278862fd34ffbd,SPE-03,species,info,uuid:430e85a3-44ce-45f4-9974-c6a61569e78b,uuid:430e85a3-44ce-45f4-9974-c6a61569e78b/observations/quadrat_repeat[11],SavMon_LW_Plot_07,2026-05-24,Grace_Achieng,herb_002,Quadrat 11: herb_002 is not identified yet.,field team
6f7893cdd8f14432e4ba40ce92332db7,SPE-03,species,info,uuid:430e85a3-44ce-45f4-9974-c6a61569e78b,uuid:430e85a3-44ce-45f4-9974-c6a61569e78b/observations/quadrat_repeat[11],SavMon_LW_Plot_07,2026-05-24,Grace_Achieng,herb_035,Quadrat 11: herb_035 is not identified yet.,field team
8601803ba23de57775c8de082214fb79,SPE-03,species,info,uuid:430e85a3-44ce-45f4-9974-c6a61569e78b,uuid:430e85a3-44ce-45f4-9974-c6a61569e78b/observations/quadrat_repeat[12],SavMon_LW_Plot_07,2026-05-24,Grace_Achieng,herb_035,Quadrat 12: herb_035 is not identified yet.,field team
003cbd5ce1fa13901960a6c5042f7ffa,SPE-03,species,info,uuid:430e85a3-44ce-45f4-9974-c6a61569e78b,uuid:430e85a3-44ce-45f4-9974-c6a61569e78b/observations/quadrat_repeat[13],SavMon_LW_Plot_07,2026-05-24,Grace_Achieng,herb_010,Quadrat 13: herb_010 is not identified yet.,field team
cab203e6ca7ff5205c4452843728a03e,SPE-03,species,info,uuid:430e85a3-44ce-45f4-9974-c6a61569e78b,uuid:430e85a3-44ce-45f4-9974-c6a61569e78b/observations/quadrat_repeat[13],SavMon_LW_Plot_07,2026-05-24,Grace_Achieng,herb_019,Quadrat 13: herb_019 is not identified yet.,field team
58f0aab4652260e2a7406207e1637999,SPE-03,species,info,uuid:430e85a3-44ce-45f4-9974-c6a61569e78b,uuid:430e85a3-44ce-45f4-9974-c6a61569e78b/observations/quadrat_repeat[14],SavMon_LW_Plot_07,2026-05-24,Grace_Achieng,herb_035,Quadrat 14: herb_035 is not identified yet.,field team
71084252b54d48ebd758bb4ca105843c,SPE-03,species,info,uuid:430e85a3-44ce-45f4-9974-c6a61569e78b,uuid:430e85a3-44ce-45f4-9974-c6a61569e78b/observations/quadrat_repeat[15],SavMon_LW_Plot_07,2026-05-24,Grace_Achieng,herb_094,Quadrat 15: herb_094 is not identified yet.,field team
5ebe1360f884f1156a8694a2df5988c1,SPE-03,species,info,uuid:430e85a3-44ce-45f4-9974-c6a61569e78b,uuid:430e85a3-44ce-45f4-9974-c6a61569e78b/observations/quadrat_repeat[16],SavMon_LW_Plot_07,2026-05-24,Grace_Achieng,herb_002,Quadrat 16: herb_002 is not identified yet.,field team
aaf20305df21b6ae5f4e9f07f064fd61,SPE-03,species,info,uuid:430e85a3-44ce-45f4-9974-c6a61569e78b,uuid:430e85a3-44ce-45f4-9974-c6a61569e78b/observations/quadrat_repeat[16],SavMon_LW_Plot_07,2026-05-24,Grace_Achieng,herb_035,Quadrat 16: herb_035 is not identified yet.,field team
683f7e3dd0a6470c1e3ad1d45a61ea3d,SPE-03,species,info,uuid:430e85a3-44ce-45f4-9974-c6a61569e78b,uuid:430e85a3-44ce-45f4-9974-c6a61569e78b/observations/quadrat_repeat[18],SavMon_LW_Plot_07,2026-05-24,Grace_Achieng,herb_035,Quadrat 18: herb_035 is not identified yet.,field team
8c33cfbd3cddac1cea15629ad0d5b6aa,SPE-03,species,info,uuid:430e85a3-44ce-45f4-9974-c6a61569e78b,uuid:430e85a3-44ce-45f4-9974-c6a61569e78b/observations/quadrat_repeat[18],SavMon_LW_Plot_07,2026-05-24,Grace_Achieng,herb_052,Quadrat 18: herb_052 is not identified yet.,field team
2e844570123f6a8adeca25eb3f7b781c,SPE-03,species,info,uuid:430e85a3-44ce-45f4-9974-c6a61569e78b,uuid:430e85a3-44ce-45f4-9974-c6a61569e78b/observations/quadrat_repeat[19],SavMon_LW_Plot_07,2026-05-24,Grace_Achieng,herb_010,Quadrat 19: herb_010 is not identified yet.,field team
4e4d7101267d3fa96bac25805b010ac7,SPE-03,species,info,uuid:430e85a3-44ce-45f4-9974-c6a61569e78b,uuid:430e85a3-44ce-45f4-9974-c6a61569e78b/observations/quadrat_repeat[19],SavMon_LW_Plot_07,2026-05-24,Grace_Achieng,herb_012,Quadrat 19: herb_012 is not identified yet.,field team
d980279407ade03aa290c0efbfe83e75,SPE-03,species,info,uuid:430e85a3-44ce-45f4-9974-c6a61569e78b,uuid:430e85a3-44ce-45f4-9974-c6a61569e78b/observations/quadrat_repeat[19],SavMon_LW_Plot_07,2026-05-24,Grace_Achieng,herb_045,Quadrat 19: herb_045 is not identified yet.,field team
754f0a90114d9ce924e2e4a82656a28b,SPE-03,species,info,uuid:430e85a3-44ce-45f4-9974-c6a61569e78b,uuid:430e85a3-44ce-45f4-9974-c6a61569e78b/observations/quadrat_repeat[20],SavMon_LW_Plot_07,2026-05-24,Grace_Achieng,herb_045,Quadrat 20: herb_045 is not identified yet.,field team
7a808003f6f1be5ed7822c0f6b296069,SPE-03,species,info,uuid:54452130-d92e-4996-a0d7-9401811b9ed7,uuid:54452130-d92e-4996-a0d7-9401811b9ed7/observations/quadrat_repeat[1],SavMon_LW_Plot_15,2026-05-24,Grace_Achieng,herb_088,Quadrat 1: herb_088 is not identified yet.,field team
9d96f2b49d724ea313416e6452ea8ced,SPE-03,species,info,uuid:54452130-d92e-4996-a0d7-9401811b9ed7,uuid:54452130-d92e-4996-a0d7-9401811b9ed7/observations/quadrat_repeat[3],SavMon_LW_Plot_15,2026-05-24,Grace_Achieng,herb_029,Quadrat 3: herb_029 is not identified yet.,field team
1e8a8ba37aac9bc3bb834976b4ce70fd,SPE-03,species,info,uuid:54452130-d92e-4996-a0d7-9401811b9ed7,uuid:54452130-d92e-4996-a0d7-9401811b9ed7/observations/quadrat_repeat[4],SavMon_LW_Plot_15,2026-05-24,Grace_Achieng,herb_016,Quadrat 4: herb_016 is not identified yet.,field team
0a845753b36b434237f54c06a34b3226,SPE-03,species,info,uuid:54452130-d92e-4996-a0d7-9401811b9ed7,uuid:54452130-d92e-4996-a0d7-9401811b9ed7/observations/quadrat_repeat[6],SavMon_LW_Plot_15,2026-05-24,Grace_Achieng,herb_080,Quadrat 6: herb_080 is not identified yet.,field team
41ebea9a497919db1801ed3adcb04521,SPE-03,species,info,uuid:54452130-d92e-4996-a0d7-9401811b9ed7,uuid:54452130-d92e-4996-a0d7-9401811b9ed7/observations/quadrat_repeat[6],SavMon_LW_Plot_15,2026-05-24,Grace_Achieng,herb_092,Quadrat 6: herb_092 is not identified yet.,field team
aca96b989e5e29b6b4cc62f7461b6cca,SPE-03,species,info,uuid:54452130-d92e-4996-a0d7-9401811b9ed7,uuid:54452130-d92e-4996-a0d7-9401811b9ed7/observations/quadrat_repeat[7],SavMon_LW_Plot_15,2026-05-24,Grace_Achieng,herb_029,Quadrat 7: herb_029 is not identified yet.,field team
caa5c985a6031761aeeafc54bd4c344d,SPE-03,species,info,uuid:54452130-d92e-4996-a0d7-9401811b9ed7,uuid:54452130-d92e-4996-a0d7-9401811b9ed7/observations/quadrat_repeat[8],SavMon_LW_Plot_15,2026-05-24,Grace_Achieng,herb_093,Quadrat 8: herb_093 is not identified yet.,field team
d28227c23b409bed8bff36c9cc8ede10,SPE-03,species,info,uuid:54452130-d92e-4996-a0d7-9401811b9ed7,uuid:54452130-d92e-4996-a0d7-9401811b9ed7/observations/quadrat_repeat[10],SavMon_LW_Plot_15,2026-05-24,Grace_Achieng,herb_029,Quadrat 10: herb_029 is not identified yet.,field team
d759f84c3b572d3885a84102d71ee8fd,SPE-03,species,info,uuid:54452130-d92e-4996-a0d7-9401811b9ed7,uuid:54452130-d92e-4996-a0d7-9401811b9ed7/observations/quadrat_repeat[11],SavMon_LW_Plot_15,2026-05-24,Grace_Achieng,herb_029,Quadrat 11: herb_029 is not identified yet.,field team
070504d7d5128168f73134f4664d5499,SPE-03,species,info,uuid:54452130-d92e-4996-a0d7-9401811b9ed7,uuid:54452130-d92e-4996-a0d7-9401811b9ed7/observations/quadrat_repeat[12],SavMon_LW_Plot_15,2026-05-24,Grace_Achieng,herb_029,Quadrat 12: herb_029 is not identified yet.,field team
c7e2b6a7f12470e63cab468d68735942,SPE-03,species,info,uuid:54452130-d92e-4996-a0d7-9401811b9ed7,uuid:54452130-d92e-4996-a0d7-9401811b9ed7/observations/quadrat_repeat[13],SavMon_LW_Plot_15,2026-05-24,Grace_Achieng,herb_029,Quadrat 13: herb_029 is not identified yet.,field team
77e7137fc5cb44fbbb45fda4dfe15182,SPE-03,species,info,uuid:54452130-d92e-4996-a0d7-9401811b9ed7,uuid:54452130-d92e-4996-a0d7-9401811b9ed7/observations/quadrat_repeat[14],SavMon_LW_Plot_15,2026-05-24,Grace_Achieng,herb_029,Quadrat 14: herb_029 is not identified yet.,field team
f506b87815a17b1f62158412c7872a37,SPE-03,species,info,uuid:54452130-d92e-4996-a0d7-9401811b9ed7,uuid:54452130-d92e-4996-a0d7-9401811b9ed7/observations/quadrat_repeat[15],SavMon_LW_Plot_15,2026-05-24,Grace_Achieng,herb_017,Quadrat 15: herb_017 is not identified yet.,field team
353793c109ca460fb097c2e2bcd9bb7b,SPE-03,species,info,uuid:54452130-d92e-4996-a0d7-9401811b9ed7,uuid:54452130-d92e-4996-a0d7-9401811b9ed7/observations/quadrat_repeat[18],SavMon_LW_Plot_15,2026-05-24,Grace_Achieng,herb_029,Quadrat 18: herb_029 is not identified yet.,field team
44c0bd31195a21b8d021da96f01b7fbc,SPE-03,species,info,uuid:54452130-d92e-4996-a0d7-9401811b9ed7,uuid:54452130-d92e-4996-a0d7-9401811b9ed7/observations/quadrat_repeat[19],SavMon_LW_Plot_15,2026-05-24,Grace_Achieng,herb_016,Quadrat 19: herb_016 is not identified yet.,field team
4d3e875679df3225314773f0aad009a8,SPE-03,species,info,uuid:54452130-d92e-4996-a0d7-9401811b9ed7,uuid:54452130-d92e-4996-a0d7-9401811b9ed7/observations/quadrat_repeat[20],SavMon_LW_Plot_15,2026-05-24,Grace_Achieng,herb_016,Quadrat 20: herb_016 is not identified yet.,field team
660f568d61e50927b3ee73151998aa5b,SPE-03,species,info,uuid:b816a9b4-f338-432a-83d7-1cf354583f0f,uuid:b816a9b4-f338-432a-83d7-1cf354583f0f/observations/quadrat_repeat[1],SavMon_LW_Plot_20,2026-05-24,Grace_Achieng,herb_016,Quadrat 1: herb_016 is not identified yet.,field team
f1ef9eeed826e001d3a5cf93b82d9d3d,SPE-03,species,info,uuid:b816a9b4-f338-432a-83d7-1cf354583f0f,uuid:b816a9b4-f338-432a-83d7-1cf354583f0f/observations/quadrat_repeat[2],SavMon_LW_Plot_20,2026-05-24,Grace_Achieng,herb_016,Quadrat 2: herb_016 is not identified yet.,field team
6ee51fe97cc1d69e2e2fc91a56a2f26c,SPE-03,species,info,uuid:b816a9b4-f338-432a-83d7-1cf354583f0f,uuid:b816a9b4-f338-432a-83d7-1cf354583f0f/observations/quadrat_repeat[3],SavMon_LW_Plot_20,2026-05-24,Grace_Achieng,herb_016,Quadrat 3: herb_016 is not identified yet.,field team
2ffba38bd89e96fe891fc77e2ed4b95f,SPE-03,species,info,uuid:b816a9b4-f338-432a-83d7-1cf354583f0f,uuid:b816a9b4-f338-432a-83d7-1cf354583f0f/observations/quadrat_repeat[3],SavMon_LW_Plot_20,2026-05-24,Grace_Achieng,herb_091,Quadrat 3: herb_091 is not identified yet.,field team
788745e70b47b3d5d597db5dee23ca4e,SPE-03,species,info,uuid:b816a9b4-f338-432a-83d7-1cf354583f0f,uuid:b816a9b4-f338-432a-83d7-1cf354583f0f/observations/quadrat_repeat[4],SavMon_LW_Plot_20,2026-05-24,Grace_Achieng,herb_016,Quadrat 4: herb_016 is not identified yet.,field team
c58d2b85957f77f1fddca84f3ebbe90b,SPE-03,species,info,uuid:b816a9b4-f338-432a-83d7-1cf354583f0f,uuid:b816a9b4-f338-432a-83d7-1cf354583f0f/observations/quadrat_repeat[6],SavMon_LW_Plot_20,2026-05-24,Grace_Achieng,herb_016,Quadrat 6: herb_016 is not identified yet.,field team
908919c2f2f647b2cf3807bb8f4025f0,SPE-03,species,info,uuid:b816a9b4-f338-432a-83d7-1cf354583f0f,uuid:b816a9b4-f338-432a-83d7-1cf354583f0f/observations/quadrat_repeat[7],SavMon_LW_Plot_20,2026-05-24,Grace_Achieng,herb_016,Quadrat 7: herb_016 is not identified yet.,field team
86249f52a318bb1774377930bc7867cc,SPE-03,species,info,uuid:b816a9b4-f338-432a-83d7-1cf354583f0f,uuid:b816a9b4-f338-432a-83d7-1cf354583f0f/observations/quadrat_repeat[8],SavMon_LW_Plot_20,2026-05-24,Grace_Achieng,herb_088,Quadrat 8: herb_088 is not identified yet.,field team
bf600f530f8a7faaaebf22e90c5f2e54,SPE-03,species,info,uuid:b816a9b4-f338-432a-83d7-1cf354583f0f,uuid:b816a9b4-f338-432a-83d7-1cf354583f0f/observations/quadrat_repeat[9],SavMon_LW_Plot_20,2026-05-24,Grace_Achieng,herb_024,Quadrat 9: herb_024 is not identified yet.,field team
0b7e6d1396387125a43f8b8920e577e4,SPE-03,species,info,uuid:b816a9b4-f338-432a-83d7-1cf354583f0f,uuid:b816a9b4-f338-432a-83d7-1cf354583f0f/observations/quadrat_repeat[10],SavMon_LW_Plot_20,2026-05-24,Grace_Achieng,herb_024,Quadrat 10: herb_024 is not identified yet.,field team
5f2c390dee185ba7718506bc6e445773,SPE-03,species,info,uuid:b816a9b4-f338-432a-83d7-1cf354583f0f,uuid:b816a9b4-f338-432a-83d7-1cf354583f0f/observations/quadrat_repeat[13],SavMon_LW_Plot_20,2026-05-24,Grace_Achieng,herb_016,Quadrat 13: herb_016 is not identified yet.,field team
0b5eacf49915b92f8850e6e6c852721b,SPE-03,species,info,uuid:b816a9b4-f338-432a-83d7-1cf354583f0f,uuid:b816a9b4-f338-432a-83d7-1cf354583f0f/observations/quadrat_repeat[13],SavMon_LW_Plot_20,2026-05-24,Grace_Achieng,herb_024,Quadrat 13: herb_024 is not identified yet.,field team
e7ebefc662eb4482efa064a057dd32bb,SPE-03,species,info,uuid:b816a9b4-f338-432a-83d7-1cf354583f0f,uuid:b816a9b4-f338-432a-83d7-1cf354583f0f/observations/quadrat_repeat[14],SavMon_LW_Plot_20,2026-05-24,Grace_Achieng,herb_016,Quadrat 14: herb_016 is not identified yet.,field team
7a9136aae8f85dac53af84c91b6e7127,SPE-03,species,info,uuid:b816a9b4-f338-432a-83d7-1cf354583f0f,uuid:b816a9b4-f338-432a-83d7-1cf354583f0f/observations/quadrat_repeat[14],SavMon_LW_Plot_20,2026-05-24,Grace_Achieng,herb_091,Quadrat 14: herb_091 is not identified yet.,field team
2c4f0b1eb6972454462820f8f98b2ca2,SPE-03,species,info,uuid:b816a9b4-f338-432a-83d7-1cf354583f0f,uuid:b816a9b4-f338-432a-83d7-1cf354583f0f/observations/quadrat_repeat[16],SavMon_LW_Plot_20,2026-05-24,Grace_Achieng,herb_024,Quadrat 16: herb_024 is not identified yet.,field team
e098a840f3856836b665a956e2c5254f,SPE-03,species,info,uuid:b816a9b4-f338-432a-83d7-1cf354583f0f,uuid:b816a9b4-f338-432a-83d7-1cf354583f0f/observations/quadrat_repeat[16],SavMon_LW_Plot_20,2026-05-24,Grace_Achieng,herb_088,Quadrat 16: herb_088 is not identified yet.,field team
1ca29422959526f4df32eafdbe2a412b,SPE-03,species,info,uuid:b816a9b4-f338-432a-83d7-1cf354583f0f,uuid:b816a9b4-f338-432a-83d7-1cf354583f0f/observations/quadrat_repeat[18],SavMon_LW_Plot_20,2026-05-24,Grace_Achieng,herb_016,Quadrat 18: herb_016 is not identified yet.,field team
5356ff0300c8bd62fa26c32921ffb0ca,SPE-03,species,info,uuid:b816a9b4-f338-432a-83d7-1cf354583f0f,uuid:b816a9b4-f338-432a-83d7-1cf354583f0f/observations/quadrat_repeat[18],SavMon_LW_Plot_20,2026-05-24,Grace_Achieng,herb_091,Quadrat 18: herb_091 is not identified yet.,field team
7feb344269df0aecdab1f86d0b0edb5b,SPE-03,species,info,uuid:b816a9b4-f338-432a-83d7-1cf354583f0f,uuid:b816a9b4-f338-432a-83d7-1cf354583f0f/observations/quadrat_repeat[19],SavMon_LW_Plot_20,2026-05-24,Grace_Achieng,herb_016,Quadrat 19: herb_016 is not identified yet.,field team
32fde2deb9cf29ae2fe19c7a11edd31c,SPE-03,species,info,uuid:b816a9b4-f338-432a-83d7-1cf354583f0f,uuid:b816a9b4-f338-432a-83d7-1cf354583f0f/observations/quadrat_repeat[20],SavMon_LW_Plot_20,2026-05-24,Grace_Achieng,herb_016,Quadrat 20: herb_016 is not identified yet.,field team
4e3691003ead0d36525c207075f2d8e0,SPE-03,species,info,uuid:b816a9b4-f338-432a-83d7-1cf354583f0f,uuid:b816a9b4-f338-432a-83d7-1cf354583f0f/observations/quadrat_repeat[20],SavMon_LW_Plot_20,2026-05-24,Grace_Achieng,herb_049,Quadrat 20: herb_049 is not identified yet.,field team
bc73cb7bd531faebd2ebb6a81d75861d,SPE-03,species,info,uuid:ef5c5535-1739-481b-af66-71061de5dcd2,uuid:ef5c5535-1739-481b-af66-71061de5dcd2/observations/quadrat_repeat[1],SavMon_LW_Plot_24,2026-05-24,Grace_Achieng,herb_016,Quadrat 1: herb_016 is not identified yet.,field team
6ca3eacbdd98c1e0a34d2dccaf5e22cc,SPE-03,species,info,uuid:ef5c5535-1739-481b-af66-71061de5dcd2,uuid:ef5c5535-1739-481b-af66-71061de5dcd2/observations/quadrat_repeat[2],SavMon_LW_Plot_24,2026-05-24,Grace_Achieng,herb_016,Quadrat 2: herb_016 is not identified yet.,field team
9cd18b28e7d0a9f4d7a2846864f2f139,SPE-03,species,info,uuid:ef5c5535-1739-481b-af66-71061de5dcd2,uuid:ef5c5535-1739-481b-af66-71061de5dcd2/observations/quadrat_repeat[2],SavMon_LW_Plot_24,2026-05-24,Grace_Achieng,herb_080,Quadrat 2: herb_080 is not identified yet.,field team
dc7ab5cbad1660d4c369ba9cd25d44d1,SPE-03,species,info,uuid:ef5c5535-1739-481b-af66-71061de5dcd2,uuid:ef5c5535-1739-481b-af66-71061de5dcd2/observations/quadrat_repeat[2],SavMon_LW_Plot_24,2026-05-24,Grace_Achieng,herb_088,Quadrat 2: herb_088 is not identified yet.,field team
73ef19937072ba4d53ef3d9c32dce71c,SPE-03,species,info,uuid:ef5c5535-1739-481b-af66-71061de5dcd2,uuid:ef5c5535-1739-481b-af66-71061de5dcd2/observations/quadrat_repeat[4],SavMon_LW_Plot_24,2026-05-24,Grace_Achieng,herb_016,Quadrat 4: herb_016 is not identified yet.,field team
6815cefe6748d12373fce65639adbb32,SPE-03,species,info,uuid:ef5c5535-1739-481b-af66-71061de5dcd2,uuid:ef5c5535-1739-481b-af66-71061de5dcd2/observations/quadrat_repeat[5],SavMon_LW_Plot_24,2026-05-24,Grace_Achieng,herb_016,Quadrat 5: herb_016 is not identified yet.,field team
351dc1b9aa4e1ac86f1ff686bb15b436,SPE-03,species,info,uuid:ef5c5535-1739-481b-af66-71061de5dcd2,uuid:ef5c5535-1739-481b-af66-71061de5dcd2/observations/quadrat_repeat[6],SavMon_LW_Plot_24,2026-05-24,Grace_Achieng,herb_016,Quadrat 6: herb_016 is not identified yet.,field team
089f350db727835754fd56bfc3cf0457,SPE-03,species,info,uuid:ef5c5535-1739-481b-af66-71061de5dcd2,uuid:ef5c5535-1739-481b-af66-71061de5dcd2/observations/quadrat_repeat[6],SavMon_LW_Plot_24,2026-05-24,Grace_Achieng,herb_088,Quadrat 6: herb_088 is not identified yet.,field team
dcd6afaee652a0ba98a92cacbb05cab0,SPE-03,species,info,uuid:ef5c5535-1739-481b-af66-71061de5dcd2,uuid:ef5c5535-1739-481b-af66-71061de5dcd2/observations/quadrat_repeat[7],SavMon_LW_Plot_24,2026-05-24,Grace_Achieng,herb_017,Quadrat 7: herb_017 is not identified yet.,field team
536684d6df02f7ecc91f3d0df7f281d3,SPE-03,species,info,uuid:ef5c5535-1739-481b-af66-71061de5dcd2,uuid:ef5c5535-1739-481b-af66-71061de5dcd2/observations/quadrat_repeat[8],SavMon_LW_Plot_24,2026-05-24,Grace_Achieng,herb_016,Quadrat 8: herb_016 is not identified yet.,field team
fb34960953b6181268daaca08549cd64,SPE-03,species,info,uuid:ef5c5535-1739-481b-af66-71061de5dcd2,uuid:ef5c5535-1739-481b-af66-71061de5dcd2/observations/quadrat_repeat[8],SavMon_LW_Plot_24,2026-05-24,Grace_Achieng,herb_017,Quadrat 8: herb_017 is not identified yet.,field team
7fefcaf5e93058c5c67b211054f228da,SPE-03,species,info,uuid:ef5c5535-1739-481b-af66-71061de5dcd2,uuid:ef5c5535-1739-481b-af66-71061de5dcd2/observations/quadrat_repeat[9],SavMon_LW_Plot_24,2026-05-24,Grace_Achieng,herb_016,Quadrat 9: herb_016 is not identified yet.,field team
c3eaf444ab45e4643af64442fd91755b,SPE-03,species,info,uuid:ef5c5535-1739-481b-af66-71061de5dcd2,uuid:ef5c5535-1739-481b-af66-71061de5dcd2/observations/quadrat_repeat[9],SavMon_LW_Plot_24,2026-05-24,Grace_Achieng,herb_017,Quadrat 9: herb_017 is not identified yet.,field team
7799f9aaaa2dc00e1f928653127f63a0,SPE-03,species,info,uuid:ef5c5535-1739-481b-af66-71061de5dcd2,uuid:ef5c5535-1739-481b-af66-71061de5dcd2/observations/quadrat_repeat[10],SavMon_LW_Plot_24,2026-05-24,Grace_Achieng,herb_016,Quadrat 10: herb_016 is not identified yet.,field team
b1fffe8a4b0ffed9d57f209f49d3f4ac,SPE-03,species,info,uuid:ef5c5535-1739-481b-af66-71061de5dcd2,uuid:ef5c5535-1739-481b-af66-71061de5dcd2/observations/quadrat_repeat[11],SavMon_LW_Plot_24,2026-05-24,Grace_Achieng,herb_016,Quadrat 11: herb_016 is not identified yet.,field team
ca63cf0d3688caf36ba0d42ad8aaa31d,SPE-03,species,info,uuid:ef5c5535-1739-481b-af66-71061de5dcd2,uuid:ef5c5535-1739-481b-af66-71061de5dcd2/observations/quadrat_repeat[12],SavMon_LW_Plot_24,2026-05-24,Grace_Achieng,herb_016,Quadrat 12: herb_016 is not identified yet.,field team
989a8486f91cc4151d85d9ed592c56cd,SPE-03,species,info,uuid:ef5c5535-1739-481b-af66-71061de5dcd2,uuid:ef5c5535-1739-481b-af66-71061de5dcd2/observations/quadrat_repeat[12],SavMon_LW_Plot_24,2026-05-24,Grace_Achieng,herb_017,Quadrat 12: herb_017 is not identified yet.,field team
338f560d153cbb3d84c9030103f63538,SPE-03,species,info,uuid:ef5c5535-1739-481b-af66-71061de5dcd2,uuid:ef5c5535-1739-481b-af66-71061de5dcd2/observations/quadrat_repeat[13],SavMon_LW_Plot_24,2026-05-24,Grace_Achieng,herb_016,Quadrat 13: herb_016 is not identified yet.,field team
0525a36737d4099aa26cc8e3d89860fe,SPE-03,species,info,uuid:ef5c5535-1739-481b-af66-71061de5dcd2,uuid:ef5c5535-1739-481b-af66-71061de5dcd2/observations/quadrat_repeat[13],SavMon_LW_Plot_24,2026-05-24,Grace_Achieng,herb_017,Quadrat 13: herb_017 is not identified yet.,field team
83902e212b7c3fe5a6811bb5fedcead4,SPE-03,species,info,uuid:ef5c5535-1739-481b-af66-71061de5dcd2,uuid:ef5c5535-1739-481b-af66-71061de5dcd2/observations/quadrat_repeat[15],SavMon_LW_Plot_24,2026-05-24,Grace_Achieng,herb_016,Quadrat 15: herb_016 is not identified yet.,field team
8aa396d675a76a13d2daa5ee93e4c874,SPE-03,species,info,uuid:ef5c5535-1739-481b-af66-71061de5dcd2,uuid:ef5c5535-1739-481b-af66-71061de5dcd2/observations/quadrat_repeat[15],SavMon_LW_Plot_24,2026-05-24,Grace_Achieng,herb_017,Quadrat 15: herb_017 is not identified yet.,field team
a807ccf4aad254b0983cca5f57cdba81,SPE-03,species,info,uuid:ef5c5535-1739-481b-af66-71061de5dcd2,uuid:ef5c5535-1739-481b-af66-71061de5dcd2/observations/quadrat_repeat[15],SavMon_LW_Plot_24,2026-05-24,Grace_Achieng,herb_088,Quadrat 15: herb_088 is not identified yet.,field team
e3f5382aabe07e5f34a816d511542068,SPE-03,species,info,uuid:ef5c5535-1739-481b-af66-71061de5dcd2,uuid:ef5c5535-1739-481b-af66-71061de5dcd2/observations/quadrat_repeat[16],SavMon_LW_Plot_24,2026-05-24,Grace_Achieng,herb_016,Quadrat 16: herb_016 is not identified yet.,field team
83eada2fec733c82eb6b85b16b320789,SPE-03,species,info,uuid:ef5c5535-1739-481b-af66-71061de5dcd2,uuid:ef5c5535-1739-481b-af66-71061de5dcd2/observations/quadrat_repeat[16],SavMon_LW_Plot_24,2026-05-24,Grace_Achieng,herb_017,Quadrat 16: herb_017 is not identified yet.,field team
198c47c04a59e4cc3e472f1c1054c98a,SPE-03,species,info,uuid:ef5c5535-1739-481b-af66-71061de5dcd2,uuid:ef5c5535-1739-481b-af66-71061de5dcd2/observations/quadrat_repeat[17],SavMon_LW_Plot_24,2026-05-24,Grace_Achieng,herb_016,Quadrat 17: herb_016 is not identified yet.,field team
f4c623b000827c10fa0c613a28a45ae6,SPE-03,species,info,uuid:ef5c5535-1739-481b-af66-71061de5dcd2,uuid:ef5c5535-1739-481b-af66-71061de5dcd2/observations/quadrat_repeat[18],SavMon_LW_Plot_24,2026-05-24,Grace_Achieng,herb_016,Quadrat 18: herb_016 is not identified yet.,field team
02f982c56f7c2092e02f9d5b40319e8e,SPE-03,species,info,uuid:ef5c5535-1739-481b-af66-71061de5dcd2,uuid:ef5c5535-1739-481b-af66-71061de5dcd2/observations/quadrat_repeat[19],SavMon_LW_Plot_24,2026-05-24,Grace_Achieng,herb_016,Quadrat 19: herb_016 is not identified yet.,field team
37603608e20dd1af536cd18a720e590e,SPE-03,species,info,uuid:ef5c5535-1739-481b-af66-71061de5dcd2,uuid:ef5c5535-1739-481b-af66-71061de5dcd2/observations/quadrat_repeat[20],SavMon_LW_Plot_24,2026-05-24,Grace_Achieng,herb_016,Quadrat 20: herb_016 is not identified yet.,field team
6b8ccc0188a3c4dcf9f8d8f5a264d40a,SPE-03,species,info,uuid:e63b6ad6-7893-4cca-a1db-00fbde18a2aa,uuid:e63b6ad6-7893-4cca-a1db-00fbde18a2aa/observations/quadrat_repeat[2],SavMon_LW_Plot_02,2026-05-24,Grace_Achieng,herb_088,Quadrat 2: herb_088 is not identified yet.,field team
2d052f5d0789a94ef7a0f5ffa380c587,SPE-03,species,info,uuid:e63b6ad6-7893-4cca-a1db-00fbde18a2aa,uuid:e63b6ad6-7893-4cca-a1db-00fbde18a2aa/observations/quadrat_repeat[3],SavMon_LW_Plot_02,2026-05-24,Grace_Achieng,herb_088,Quadrat 3: herb_088 is not identified yet.,field team
9adc9b4f2010dd17613d7d70cc2e2c1d,SPE-03,species,info,uuid:e63b6ad6-7893-4cca-a1db-00fbde18a2aa,uuid:e63b6ad6-7893-4cca-a1db-00fbde18a2aa/observations/quadrat_repeat[3],SavMon_LW_Plot_02,2026-05-24,Grace_Achieng,herb_089,Quadrat 3: herb_089 is not identified yet.,field team
f6f9fa40bd5a96171c469b3c2989c594,SPE-03,species,info,uuid:e63b6ad6-7893-4cca-a1db-00fbde18a2aa,uuid:e63b6ad6-7893-4cca-a1db-00fbde18a2aa/observations/quadrat_repeat[4],SavMon_LW_Plot_02,2026-05-24,Grace_Achieng,herb_017,Quadrat 4: herb_017 is not identified yet.,field team
b9bc42d9bdfc204a8d470983824a274a,SPE-03,species,info,uuid:e63b6ad6-7893-4cca-a1db-00fbde18a2aa,uuid:e63b6ad6-7893-4cca-a1db-00fbde18a2aa/observations/quadrat_repeat[4],SavMon_LW_Plot_02,2026-05-24,Grace_Achieng,herb_080,Quadrat 4: herb_080 is not identified yet.,field team
d2596a2293665199f050db27d04cd6de,SPE-03,species,info,uuid:e63b6ad6-7893-4cca-a1db-00fbde18a2aa,uuid:e63b6ad6-7893-4cca-a1db-00fbde18a2aa/observations/quadrat_repeat[4],SavMon_LW_Plot_02,2026-05-24,Grace_Achieng,herb_088,Quadrat 4: herb_088 is not identified yet.,field team
d0a74f5409f544575011d93021eeaf0d,SPE-03,species,info,uuid:e63b6ad6-7893-4cca-a1db-00fbde18a2aa,uuid:e63b6ad6-7893-4cca-a1db-00fbde18a2aa/observations/quadrat_repeat[5],SavMon_LW_Plot_02,2026-05-24,Grace_Achieng,herb_089,Quadrat 5: herb_089 is not identified yet.,field team
763ca4245bb1f299a2080a246567d990,SPE-03,species,info,uuid:e63b6ad6-7893-4cca-a1db-00fbde18a2aa,uuid:e63b6ad6-7893-4cca-a1db-00fbde18a2aa/observations/quadrat_repeat[6],SavMon_LW_Plot_02,2026-05-24,Grace_Achieng,herb_017,Quadrat 6: herb_017 is not identified yet.,field team
a9b53da92dbb5305293e89f088f7c703,SPE-03,species,info,uuid:e63b6ad6-7893-4cca-a1db-00fbde18a2aa,uuid:e63b6ad6-7893-4cca-a1db-00fbde18a2aa/observations/quadrat_repeat[6],SavMon_LW_Plot_02,2026-05-24,Grace_Achieng,herb_080,Quadrat 6: herb_080 is not identified yet.,field team
7ffa5cce578182f1db17962a02284ad5,SPE-03,species,info,uuid:e63b6ad6-7893-4cca-a1db-00fbde18a2aa,uuid:e63b6ad6-7893-4cca-a1db-00fbde18a2aa/observations/quadrat_repeat[7],SavMon_LW_Plot_02,2026-05-24,Grace_Achieng,herb_017,Quadrat 7: herb_017 is not identified yet.,field team
d505141c9af1c90ae686db8ce3267ba7,SPE-03,species,info,uuid:e63b6ad6-7893-4cca-a1db-00fbde18a2aa,uuid:e63b6ad6-7893-4cca-a1db-00fbde18a2aa/observations/quadrat_repeat[8],SavMon_LW_Plot_02,2026-05-24,Grace_Achieng,herb_017,Quadrat 8: herb_017 is not identified yet.,field team
ca65954c20bb080dda502674241e19de,SPE-03,species,info,uuid:e63b6ad6-7893-4cca-a1db-00fbde18a2aa,uuid:e63b6ad6-7893-4cca-a1db-00fbde18a2aa/observations/quadrat_repeat[9],SavMon_LW_Plot_02,2026-05-24,Grace_Achieng,herb_017,Quadrat 9: herb_017 is not identified yet.,field team
d6c24dc2d189d060409d06949ec9d943,SPE-03,species,info,uuid:e63b6ad6-7893-4cca-a1db-00fbde18a2aa,uuid:e63b6ad6-7893-4cca-a1db-00fbde18a2aa/observations/quadrat_repeat[10],SavMon_LW_Plot_02,2026-05-24,Grace_Achieng,herb_017,Quadrat 10: herb_017 is not identified yet.,field team
6decc5b68db1756c9347c7f96a5f4790,SPE-03,species,info,uuid:e63b6ad6-7893-4cca-a1db-00fbde18a2aa,uuid:e63b6ad6-7893-4cca-a1db-00fbde18a2aa/observations/quadrat_repeat[10],SavMon_LW_Plot_02,2026-05-24,Grace_Achieng,herb_024,Quadrat 10: herb_024 is not identified yet.,field team
0530746b182f55b115ada82e0e738d39,SPE-03,species,info,uuid:e63b6ad6-7893-4cca-a1db-00fbde18a2aa,uuid:e63b6ad6-7893-4cca-a1db-00fbde18a2aa/observations/quadrat_repeat[10],SavMon_LW_Plot_02,2026-05-24,Grace_Achieng,herb_089,Quadrat 10: herb_089 is not identified yet.,field team
c4fdfeb731909fcef663d959ec70803b,SPE-03,species,info,uuid:e63b6ad6-7893-4cca-a1db-00fbde18a2aa,uuid:e63b6ad6-7893-4cca-a1db-00fbde18a2aa/observations/quadrat_repeat[11],SavMon_LW_Plot_02,2026-05-24,Grace_Achieng,herb_016,Quadrat 11: herb_016 is not identified yet.,field team
39c0288054b5ce33930c338e6a92e961,SPE-03,species,info,uuid:e63b6ad6-7893-4cca-a1db-00fbde18a2aa,uuid:e63b6ad6-7893-4cca-a1db-00fbde18a2aa/observations/quadrat_repeat[12],SavMon_LW_Plot_02,2026-05-24,Grace_Achieng,herb_080,Quadrat 12: herb_080 is not identified yet.,field team
ff95febb1f95380153cc207189d009df,SPE-03,species,info,uuid:e63b6ad6-7893-4cca-a1db-00fbde18a2aa,uuid:e63b6ad6-7893-4cca-a1db-00fbde18a2aa/observations/quadrat_repeat[13],SavMon_LW_Plot_02,2026-05-24,Grace_Achieng,herb_016,Quadrat 13: herb_016 is not identified yet.,field team
50fcf4484606a045e80629da2e3a2171,SPE-03,species,info,uuid:e63b6ad6-7893-4cca-a1db-00fbde18a2aa,uuid:e63b6ad6-7893-4cca-a1db-00fbde18a2aa/observations/quadrat_repeat[13],SavMon_LW_Plot_02,2026-05-24,Grace_Achieng,herb_017,Quadrat 13: herb_017 is not identified yet.,field team
42e183afabc105ff3e7b43522e0b8e0f,SPE-03,species,info,uuid:e63b6ad6-7893-4cca-a1db-00fbde18a2aa,uuid:e63b6ad6-7893-4cca-a1db-00fbde18a2aa/observations/quadrat_repeat[14],SavMon_LW_Plot_02,2026-05-24,Grace_Achieng,herb_016,Quadrat 14: herb_016 is not identified yet.,field team
708eb01b06220a95462c17432e9872e3,SPE-03,species,info,uuid:e63b6ad6-7893-4cca-a1db-00fbde18a2aa,uuid:e63b6ad6-7893-4cca-a1db-00fbde18a2aa/observations/quadrat_repeat[14],SavMon_LW_Plot_02,2026-05-24,Grace_Achieng,herb_049,Quadrat 14: herb_049 is not identified yet.,field team
b20673d83ba71273550fb17941b8aa30,SPE-03,species,info,uuid:e63b6ad6-7893-4cca-a1db-00fbde18a2aa,uuid:e63b6ad6-7893-4cca-a1db-00fbde18a2aa/observations/quadrat_repeat[15],SavMon_LW_Plot_02,2026-05-24,Grace_Achieng,herb_016,Quadrat 15: herb_016 is not identified yet.,field team
c00f1f96999b915696a733729818ccdc,SPE-03,species,info,uuid:e63b6ad6-7893-4cca-a1db-00fbde18a2aa,uuid:e63b6ad6-7893-4cca-a1db-00fbde18a2aa/observations/quadrat_repeat[16],SavMon_LW_Plot_02,2026-05-24,Grace_Achieng,herb_088,Quadrat 16: herb_088 is not identified yet.,field team
2dcbd29a91aa4e30c63bbb7e2b165d76,SPE-03,species,info,uuid:e63b6ad6-7893-4cca-a1db-00fbde18a2aa,uuid:e63b6ad6-7893-4cca-a1db-00fbde18a2aa/observations/quadrat_repeat[17],SavMon_LW_Plot_02,2026-05-24,Grace_Achieng,herb_017,Quadrat 17: herb_017 is not identified yet.,field team
af3fba3f0b537aad091a33910d287f81,SPE-03,species,info,uuid:e63b6ad6-7893-4cca-a1db-00fbde18a2aa,uuid:e63b6ad6-7893-4cca-a1db-00fbde18a2aa/observations/quadrat_repeat[18],SavMon_LW_Plot_02,2026-05-24,Grace_Achieng,herb_088,Quadrat 18: herb_088 is not identified yet.,field team
c4f3e08f1a7b87b0c9d06c12e7eda03d,SPE-03,species,info,uuid:c4ea3469-7e1c-474a-9ce6-fc1926e590e2,uuid:c4ea3469-7e1c-474a-9ce6-fc1926e590e2/observations/quadrat_repeat[1],SavMon_LW_Plot_28,2026-05-23,Grace_Achieng,herb_017,Quadrat 1: herb_017 is not identified yet.,field team
63f7e19ba3608d5bb9c17cc04fbc3d39,SPE-03,species,info,uuid:c4ea3469-7e1c-474a-9ce6-fc1926e590e2,uuid:c4ea3469-7e1c-474a-9ce6-fc1926e590e2/observations/quadrat_repeat[2],SavMon_LW_Plot_28,2026-05-23,Grace_Achieng,herb_016,Quadrat 2: herb_016 is not identified yet.,field team
78a80fe6f8032940760234d6d792c441,SPE-03,species,info,uuid:c4ea3469-7e1c-474a-9ce6-fc1926e590e2,uuid:c4ea3469-7e1c-474a-9ce6-fc1926e590e2/observations/quadrat_repeat[2],SavMon_LW_Plot_28,2026-05-23,Grace_Achieng,herb_017,Quadrat 2: herb_017 is not identified yet.,field team
5cff7a6cf86dfedec0723e76d61571fa,SPE-03,species,info,uuid:c4ea3469-7e1c-474a-9ce6-fc1926e590e2,uuid:c4ea3469-7e1c-474a-9ce6-fc1926e590e2/observations/quadrat_repeat[3],SavMon_LW_Plot_28,2026-05-23,Grace_Achieng,herb_016,Quadrat 3: herb_016 is not identified yet.,field team
8ba4f3749916d23e770834c37a30d6ef,SPE-03,species,info,uuid:c4ea3469-7e1c-474a-9ce6-fc1926e590e2,uuid:c4ea3469-7e1c-474a-9ce6-fc1926e590e2/observations/quadrat_repeat[3],SavMon_LW_Plot_28,2026-05-23,Grace_Achieng,herb_017,Quadrat 3: herb_017 is not identified yet.,field team
58c06374e4ae980ceb98fc9867b73260,SPE-03,species,info,uuid:c4ea3469-7e1c-474a-9ce6-fc1926e590e2,uuid:c4ea3469-7e1c-474a-9ce6-fc1926e590e2/observations/quadrat_repeat[3],SavMon_LW_Plot_28,2026-05-23,Grace_Achieng,herb_045,Quadrat 3: herb_045 is not identified yet.,field team
40c71c023fe97796dac31e305d79cb68,SPE-03,species,info,uuid:c4ea3469-7e1c-474a-9ce6-fc1926e590e2,uuid:c4ea3469-7e1c-474a-9ce6-fc1926e590e2/observations/quadrat_repeat[4],SavMon_LW_Plot_28,2026-05-23,Grace_Achieng,herb_016,Quadrat 4: herb_016 is not identified yet.,field team
af0c11aa162b9471540fa0a89f230e29,SPE-03,species,info,uuid:c4ea3469-7e1c-474a-9ce6-fc1926e590e2,uuid:c4ea3469-7e1c-474a-9ce6-fc1926e590e2/observations/quadrat_repeat[4],SavMon_LW_Plot_28,2026-05-23,Grace_Achieng,herb_017,Quadrat 4: herb_017 is not identified yet.,field team
cf1fe9ba087f419e0248608826084b27,SPE-03,species,info,uuid:c4ea3469-7e1c-474a-9ce6-fc1926e590e2,uuid:c4ea3469-7e1c-474a-9ce6-fc1926e590e2/observations/quadrat_repeat[4],SavMon_LW_Plot_28,2026-05-23,Grace_Achieng,herb_029,Quadrat 4: herb_029 is not identified yet.,field team
8049162728c1885cc39c14fe7056446c,SPE-03,species,info,uuid:c4ea3469-7e1c-474a-9ce6-fc1926e590e2,uuid:c4ea3469-7e1c-474a-9ce6-fc1926e590e2/observations/quadrat_repeat[5],SavMon_LW_Plot_28,2026-05-23,Grace_Achieng,herb_016,Quadrat 5: herb_016 is not identified yet.,field team
1bacf538c3a16b6ef141eb498fcf5fc7,SPE-03,species,info,uuid:c4ea3469-7e1c-474a-9ce6-fc1926e590e2,uuid:c4ea3469-7e1c-474a-9ce6-fc1926e590e2/observations/quadrat_repeat[5],SavMon_LW_Plot_28,2026-05-23,Grace_Achieng,herb_017,Quadrat 5: herb_017 is not identified yet.,field team
55b1350154732b8724adf8db7970bf25,SPE-03,species,info,uuid:c4ea3469-7e1c-474a-9ce6-fc1926e590e2,uuid:c4ea3469-7e1c-474a-9ce6-fc1926e590e2/observations/quadrat_repeat[6],SavMon_LW_Plot_28,2026-05-23,Grace_Achieng,herb_016,Quadrat 6: herb_016 is not identified yet.,field team
a9c489f2dece7bcab82ffea815e3403e,SPE-03,species,info,uuid:c4ea3469-7e1c-474a-9ce6-fc1926e590e2,uuid:c4ea3469-7e1c-474a-9ce6-fc1926e590e2/observations/quadrat_repeat[6],SavMon_LW_Plot_28,2026-05-23,Grace_Achieng,herb_029,Quadrat 6: herb_029 is not identified yet.,field team
8496513c322f00bd48ab83b4a56d9e6e,SPE-03,species,info,uuid:c4ea3469-7e1c-474a-9ce6-fc1926e590e2,uuid:c4ea3469-7e1c-474a-9ce6-fc1926e590e2/observations/quadrat_repeat[6],SavMon_LW_Plot_28,2026-05-23,Grace_Achieng,herb_080,Quadrat 6: herb_080 is not identified yet.,field team
181db85ffcdf2d211abd721e86d6d5d8,SPE-03,species,info,uuid:c4ea3469-7e1c-474a-9ce6-fc1926e590e2,uuid:c4ea3469-7e1c-474a-9ce6-fc1926e590e2/observations/quadrat_repeat[6],SavMon_LW_Plot_28,2026-05-23,Grace_Achieng,herb_085,Quadrat 6: herb_085 is not identified yet.,field team
88a07c6eb5e347fd3253b44da2e8286d,SPE-03,species,info,uuid:c4ea3469-7e1c-474a-9ce6-fc1926e590e2,uuid:c4ea3469-7e1c-474a-9ce6-fc1926e590e2/observations/quadrat_repeat[7],SavMon_LW_Plot_28,2026-05-23,Grace_Achieng,herb_029,Quadrat 7: herb_029 is not identified yet.,field team
a45b0b337f8fd432aef53f9d2622f240,SPE-03,species,info,uuid:c4ea3469-7e1c-474a-9ce6-fc1926e590e2,uuid:c4ea3469-7e1c-474a-9ce6-fc1926e590e2/observations/quadrat_repeat[8],SavMon_LW_Plot_28,2026-05-23,Grace_Achieng,herb_016,Quadrat 8: herb_016 is not identified yet.,field team
f283ad82a32edf7629c849d245a9106d,SPE-03,species,info,uuid:c4ea3469-7e1c-474a-9ce6-fc1926e590e2,uuid:c4ea3469-7e1c-474a-9ce6-fc1926e590e2/observations/quadrat_repeat[8],SavMon_LW_Plot_28,2026-05-23,Grace_Achieng,herb_017,Quadrat 8: herb_017 is not identified yet.,field team
c3c6feb5c3034f378c8c41daa683c775,SPE-03,species,info,uuid:c4ea3469-7e1c-474a-9ce6-fc1926e590e2,uuid:c4ea3469-7e1c-474a-9ce6-fc1926e590e2/observations/quadrat_repeat[8],SavMon_LW_Plot_28,2026-05-23,Grace_Achieng,herb_029,Quadrat 8: herb_029 is not identified yet.,field team
937725815dd669903486a5546009f8d3,SPE-03,species,info,uuid:c4ea3469-7e1c-474a-9ce6-fc1926e590e2,uuid:c4ea3469-7e1c-474a-9ce6-fc1926e590e2/observations/quadrat_repeat[9],SavMon_LW_Plot_28,2026-05-23,Grace_Achieng,herb_016,Quadrat 9: herb_016 is not identified yet.,field team
1b4f22f22b994e9808d70f4dfc448a8a,SPE-03,species,info,uuid:c4ea3469-7e1c-474a-9ce6-fc1926e590e2,uuid:c4ea3469-7e1c-474a-9ce6-fc1926e590e2/observations/quadrat_repeat[9],SavMon_LW_Plot_28,2026-05-23,Grace_Achieng,herb_017,Quadrat 9: herb_017 is not identified yet.,field team
15a410e8eab11cc56dcdbc7cdb1735cd,SPE-03,species,info,uuid:c4ea3469-7e1c-474a-9ce6-fc1926e590e2,uuid:c4ea3469-7e1c-474a-9ce6-fc1926e590e2/observations/quadrat_repeat[9],SavMon_LW_Plot_28,2026-05-23,Grace_Achieng,herb_024,Quadrat 9: herb_024 is not identified yet.,field team
6e2a6d9da91a60d460cafd49b97e6453,SPE-03,species,info,uuid:c4ea3469-7e1c-474a-9ce6-fc1926e590e2,uuid:c4ea3469-7e1c-474a-9ce6-fc1926e590e2/observations/quadrat_repeat[10],SavMon_LW_Plot_28,2026-05-23,Grace_Achieng,herb_016,Quadrat 10: herb_016 is not identified yet.,field team
5cc05a36b2728f00d557a7d06e8cb340,SPE-03,species,info,uuid:c4ea3469-7e1c-474a-9ce6-fc1926e590e2,uuid:c4ea3469-7e1c-474a-9ce6-fc1926e590e2/observations/quadrat_repeat[11],SavMon_LW_Plot_28,2026-05-23,Grace_Achieng,herb_080,Quadrat 11: herb_080 is not identified yet.,field team
91ffcfe3805464914bbd68d2e2c6e912,SPE-03,species,info,uuid:c4ea3469-7e1c-474a-9ce6-fc1926e590e2,uuid:c4ea3469-7e1c-474a-9ce6-fc1926e590e2/observations/quadrat_repeat[12],SavMon_LW_Plot_28,2026-05-23,Grace_Achieng,herb_017,Quadrat 12: herb_017 is not identified yet.,field team
50d3d8200c73ae7be335ec0b7a6a92c7,SPE-03,species,info,uuid:c4ea3469-7e1c-474a-9ce6-fc1926e590e2,uuid:c4ea3469-7e1c-474a-9ce6-fc1926e590e2/observations/quadrat_repeat[13],SavMon_LW_Plot_28,2026-05-23,Grace_Achieng,herb_016,Quadrat 13: herb_016 is not identified yet.,field team
0c29471843d721762db39efc13bf2c31,SPE-03,species,info,uuid:c4ea3469-7e1c-474a-9ce6-fc1926e590e2,uuid:c4ea3469-7e1c-474a-9ce6-fc1926e590e2/observations/quadrat_repeat[13],SavMon_LW_Plot_28,2026-05-23,Grace_Achieng,herb_029,Quadrat 13: herb_029 is not identified yet.,field team
f5e44a38e7c460abd6b4b5d22b21d385,SPE-03,species,info,uuid:c4ea3469-7e1c-474a-9ce6-fc1926e590e2,uuid:c4ea3469-7e1c-474a-9ce6-fc1926e590e2/observations/quadrat_repeat[14],SavMon_LW_Plot_28,2026-05-23,Grace_Achieng,herb_016,Quadrat 14: herb_016 is not identified yet.,field team
7f439db9c5a2c25d21172db287f8df16,SPE-03,species,info,uuid:c4ea3469-7e1c-474a-9ce6-fc1926e590e2,uuid:c4ea3469-7e1c-474a-9ce6-fc1926e590e2/observations/quadrat_repeat[14],SavMon_LW_Plot_28,2026-05-23,Grace_Achieng,herb_029,Quadrat 14: herb_029 is not identified yet.,field team
2a3849abf797158f07e87adbbe57102d,SPE-03,species,info,uuid:c4ea3469-7e1c-474a-9ce6-fc1926e590e2,uuid:c4ea3469-7e1c-474a-9ce6-fc1926e590e2/observations/quadrat_repeat[14],SavMon_LW_Plot_28,2026-05-23,Grace_Achieng,herb_080,Quadrat 14: herb_080 is not identified yet.,field team
fc2e4c4812de811ed132fba1c55c2289,SPE-03,species,info,uuid:c4ea3469-7e1c-474a-9ce6-fc1926e590e2,uuid:c4ea3469-7e1c-474a-9ce6-fc1926e590e2/observations/quadrat_repeat[14],SavMon_LW_Plot_28,2026-05-23,Grace_Achieng,herb_086,Quadrat 14: herb_086 is not identified yet.,field team
599bea577907e90bab6ae3e11435de95,SPE-03,species,info,uuid:c4ea3469-7e1c-474a-9ce6-fc1926e590e2,uuid:c4ea3469-7e1c-474a-9ce6-fc1926e590e2/observations/quadrat_repeat[15],SavMon_LW_Plot_28,2026-05-23,Grace_Achieng,herb_016,Quadrat 15: herb_016 is not identified yet.,field team
e477491369d013916515a147373fddee,SPE-03,species,info,uuid:c4ea3469-7e1c-474a-9ce6-fc1926e590e2,uuid:c4ea3469-7e1c-474a-9ce6-fc1926e590e2/observations/quadrat_repeat[15],SavMon_LW_Plot_28,2026-05-23,Grace_Achieng,herb_017,Quadrat 15: herb_017 is not identified yet.,field team
5938881cfd8ef316c4b242e507c762a2,SPE-03,species,info,uuid:c4ea3469-7e1c-474a-9ce6-fc1926e590e2,uuid:c4ea3469-7e1c-474a-9ce6-fc1926e590e2/observations/quadrat_repeat[15],SavMon_LW_Plot_28,2026-05-23,Grace_Achieng,herb_029,Quadrat 15: herb_029 is not identified yet.,field team
135f7de9dcfefdcd408b74058b84b1c0,SPE-03,species,info,uuid:c4ea3469-7e1c-474a-9ce6-fc1926e590e2,uuid:c4ea3469-7e1c-474a-9ce6-fc1926e590e2/observations/quadrat_repeat[16],SavMon_LW_Plot_28,2026-05-23,Grace_Achieng,herb_016,Quadrat 16: herb_016 is not identified yet.,field team
bcdc36113e7d9fe70ae31083a115f7f1,SPE-03,species,info,uuid:c4ea3469-7e1c-474a-9ce6-fc1926e590e2,uuid:c4ea3469-7e1c-474a-9ce6-fc1926e590e2/observations/quadrat_repeat[16],SavMon_LW_Plot_28,2026-05-23,Grace_Achieng,herb_017,Quadrat 16: herb_017 is not identified yet.,field team
da4f44d619b182baa36cd348f0024b05,SPE-03,species,info,uuid:c4ea3469-7e1c-474a-9ce6-fc1926e590e2,uuid:c4ea3469-7e1c-474a-9ce6-fc1926e590e2/observations/quadrat_repeat[16],SavMon_LW_Plot_28,2026-05-23,Grace_Achieng,herb_029,Quadrat 16: herb_029 is not identified yet.,field team
6ba43553bd7d93fe87aeb063831a44a5,SPE-03,species,info,uuid:c4ea3469-7e1c-474a-9ce6-fc1926e590e2,uuid:c4ea3469-7e1c-474a-9ce6-fc1926e590e2/observations/quadrat_repeat[16],SavMon_LW_Plot_28,2026-05-23,Grace_Achieng,herb_087,Quadrat 16: herb_087 is not identified yet.,field team
45705010c5611fa7efd22896a432464d,SPE-03,species,info,uuid:c4ea3469-7e1c-474a-9ce6-fc1926e590e2,uuid:c4ea3469-7e1c-474a-9ce6-fc1926e590e2/observations/quadrat_repeat[18],SavMon_LW_Plot_28,2026-05-23,Grace_Achieng,herb_017,Quadrat 18: herb_017 is not identified yet.,field team
a5f775c72c0c062a82f3806c3458f10d,SPE-03,species,info,uuid:c4ea3469-7e1c-474a-9ce6-fc1926e590e2,uuid:c4ea3469-7e1c-474a-9ce6-fc1926e590e2/observations/quadrat_repeat[18],SavMon_LW_Plot_28,2026-05-23,Grace_Achieng,herb_029,Quadrat 18: herb_029 is not identified yet.,field team
f6210dfe49434e83bd46d66faa708746,SPE-03,species,info,uuid:c4ea3469-7e1c-474a-9ce6-fc1926e590e2,uuid:c4ea3469-7e1c-474a-9ce6-fc1926e590e2/observations/quadrat_repeat[18],SavMon_LW_Plot_28,2026-05-23,Grace_Achieng,herb_080,Quadrat 18: herb_080 is not identified yet.,field team
673f911dd61c46fee5adcd3eb61ba197,SPE-03,species,info,uuid:c4ea3469-7e1c-474a-9ce6-fc1926e590e2,uuid:c4ea3469-7e1c-474a-9ce6-fc1926e590e2/observations/quadrat_repeat[19],SavMon_LW_Plot_28,2026-05-23,Grace_Achieng,herb_017,Quadrat 19: herb_017 is not identified yet.,field team
4fe1827dda591ff78ee3e800f8ca380d,SPE-03,species,info,uuid:9fd08bb2-7c3f-49f5-8ad8-dd6f45da94da,uuid:9fd08bb2-7c3f-49f5-8ad8-dd6f45da94da/observations/quadrat_repeat[1],SavMon_LW_Plot_01,2026-05-23,Grace_Achieng,herb_017,Quadrat 1: herb_017 is not identified yet.,field team
c3e603e5f088fa695196f55cdb7b3b4e,SPE-03,species,info,uuid:9fd08bb2-7c3f-49f5-8ad8-dd6f45da94da,uuid:9fd08bb2-7c3f-49f5-8ad8-dd6f45da94da/observations/quadrat_repeat[2],SavMon_LW_Plot_01,2026-05-23,Grace_Achieng,herb_017,Quadrat 2: herb_017 is not identified yet.,field team
168ac81eb7fa16458ef4e8d33bdd1235,SPE-03,species,info,uuid:9fd08bb2-7c3f-49f5-8ad8-dd6f45da94da,uuid:9fd08bb2-7c3f-49f5-8ad8-dd6f45da94da/observations/quadrat_repeat[2],SavMon_LW_Plot_01,2026-05-23,Grace_Achieng,herb_084,Quadrat 2: herb_084 is not identified yet.,field team
3cb9a989d654c5b08feb8497fc999f30,SPE-03,species,info,uuid:9fd08bb2-7c3f-49f5-8ad8-dd6f45da94da,uuid:9fd08bb2-7c3f-49f5-8ad8-dd6f45da94da/observations/quadrat_repeat[3],SavMon_LW_Plot_01,2026-05-23,Grace_Achieng,herb_016,Quadrat 3: herb_016 is not identified yet.,field team
67a0f70e8acda59c30d54a395a947e25,SPE-03,species,info,uuid:9fd08bb2-7c3f-49f5-8ad8-dd6f45da94da,uuid:9fd08bb2-7c3f-49f5-8ad8-dd6f45da94da/observations/quadrat_repeat[3],SavMon_LW_Plot_01,2026-05-23,Grace_Achieng,herb_084,Quadrat 3: herb_084 is not identified yet.,field team
27275bd50b6ebb5ee2c20a3853401c3f,SPE-03,species,info,uuid:9fd08bb2-7c3f-49f5-8ad8-dd6f45da94da,uuid:9fd08bb2-7c3f-49f5-8ad8-dd6f45da94da/observations/quadrat_repeat[4],SavMon_LW_Plot_01,2026-05-23,Grace_Achieng,herb_084,Quadrat 4: herb_084 is not identified yet.,field team
d88f5b3f769ef19d56b76d348664bfe1,SPE-03,species,info,uuid:9fd08bb2-7c3f-49f5-8ad8-dd6f45da94da,uuid:9fd08bb2-7c3f-49f5-8ad8-dd6f45da94da/observations/quadrat_repeat[5],SavMon_LW_Plot_01,2026-05-23,Grace_Achieng,herb_029,Quadrat 5: herb_029 is not identified yet.,field team
197e4a87fe8ceca7b2da1c8b14951495,SPE-03,species,info,uuid:9fd08bb2-7c3f-49f5-8ad8-dd6f45da94da,uuid:9fd08bb2-7c3f-49f5-8ad8-dd6f45da94da/observations/quadrat_repeat[5],SavMon_LW_Plot_01,2026-05-23,Grace_Achieng,herb_084,Quadrat 5: herb_084 is not identified yet.,field team
5c2e1cfb187e4e8c7635127a70537c12,SPE-03,species,info,uuid:9fd08bb2-7c3f-49f5-8ad8-dd6f45da94da,uuid:9fd08bb2-7c3f-49f5-8ad8-dd6f45da94da/observations/quadrat_repeat[6],SavMon_LW_Plot_01,2026-05-23,Grace_Achieng,herb_002,Quadrat 6: herb_002 is not identified yet.,field team
02a4a02fb56022840d9f25ba9cdd9dfd,SPE-03,species,info,uuid:9fd08bb2-7c3f-49f5-8ad8-dd6f45da94da,uuid:9fd08bb2-7c3f-49f5-8ad8-dd6f45da94da/observations/quadrat_repeat[7],SavMon_LW_Plot_01,2026-05-23,Grace_Achieng,herb_029,Quadrat 7: herb_029 is not identified yet.,field team
0cffc99de0cd474346b86bfd273f1cb9,SPE-03,species,info,uuid:9fd08bb2-7c3f-49f5-8ad8-dd6f45da94da,uuid:9fd08bb2-7c3f-49f5-8ad8-dd6f45da94da/observations/quadrat_repeat[8],SavMon_LW_Plot_01,2026-05-23,Grace_Achieng,herb_017,Quadrat 8: herb_017 is not identified yet.,field team
20efa2f7151eb40ef43d8de89dc78151,SPE-03,species,info,uuid:9fd08bb2-7c3f-49f5-8ad8-dd6f45da94da,uuid:9fd08bb2-7c3f-49f5-8ad8-dd6f45da94da/observations/quadrat_repeat[8],SavMon_LW_Plot_01,2026-05-23,Grace_Achieng,herb_029,Quadrat 8: herb_029 is not identified yet.,field team
ca86e91b2b18d5d30844c02c1493efea,SPE-03,species,info,uuid:9fd08bb2-7c3f-49f5-8ad8-dd6f45da94da,uuid:9fd08bb2-7c3f-49f5-8ad8-dd6f45da94da/observations/quadrat_repeat[9],SavMon_LW_Plot_01,2026-05-23,Grace_Achieng,herb_017,Quadrat 9: herb_017 is not identified yet.,field team
4f8a173116725dcccd19fc5229041d06,SPE-03,species,info,uuid:9fd08bb2-7c3f-49f5-8ad8-dd6f45da94da,uuid:9fd08bb2-7c3f-49f5-8ad8-dd6f45da94da/observations/quadrat_repeat[11],SavMon_LW_Plot_01,2026-05-23,Grace_Achieng,herb_024,Quadrat 11: herb_024 is not identified yet.,field team
5e64d5178353796bb772f6c9041141a4,SPE-03,species,info,uuid:9fd08bb2-7c3f-49f5-8ad8-dd6f45da94da,uuid:9fd08bb2-7c3f-49f5-8ad8-dd6f45da94da/observations/quadrat_repeat[11],SavMon_LW_Plot_01,2026-05-23,Grace_Achieng,herb_029,Quadrat 11: herb_029 is not identified yet.,field team
d78dacff369c19cb18154a7621990875,SPE-03,species,info,uuid:9fd08bb2-7c3f-49f5-8ad8-dd6f45da94da,uuid:9fd08bb2-7c3f-49f5-8ad8-dd6f45da94da/observations/quadrat_repeat[12],SavMon_LW_Plot_01,2026-05-23,Grace_Achieng,herb_017,Quadrat 12: herb_017 is not identified yet.,field team
ab473d7e466ad4fd3c1de4ac443db2e8,SPE-03,species,info,uuid:9fd08bb2-7c3f-49f5-8ad8-dd6f45da94da,uuid:9fd08bb2-7c3f-49f5-8ad8-dd6f45da94da/observations/quadrat_repeat[12],SavMon_LW_Plot_01,2026-05-23,Grace_Achieng,herb_029,Quadrat 12: herb_029 is not identified yet.,field team
c17313ea3b835f48d27380aaff10d789,SPE-03,species,info,uuid:9fd08bb2-7c3f-49f5-8ad8-dd6f45da94da,uuid:9fd08bb2-7c3f-49f5-8ad8-dd6f45da94da/observations/quadrat_repeat[14],SavMon_LW_Plot_01,2026-05-23,Grace_Achieng,herb_029,Quadrat 14: herb_029 is not identified yet.,field team
5e0f4f9e5bc954147cc646262cdf5302,SPE-03,species,info,uuid:9fd08bb2-7c3f-49f5-8ad8-dd6f45da94da,uuid:9fd08bb2-7c3f-49f5-8ad8-dd6f45da94da/observations/quadrat_repeat[15],SavMon_LW_Plot_01,2026-05-23,Grace_Achieng,herb_029,Quadrat 15: herb_029 is not identified yet.,field team
dde7507046cb9eaea59f5595cccc0a11,SPE-03,species,info,uuid:9fd08bb2-7c3f-49f5-8ad8-dd6f45da94da,uuid:9fd08bb2-7c3f-49f5-8ad8-dd6f45da94da/observations/quadrat_repeat[16],SavMon_LW_Plot_01,2026-05-23,Grace_Achieng,herb_017,Quadrat 16: herb_017 is not identified yet.,field team
bde229761928b4a952bd7316922bc204,SPE-03,species,info,uuid:9fd08bb2-7c3f-49f5-8ad8-dd6f45da94da,uuid:9fd08bb2-7c3f-49f5-8ad8-dd6f45da94da/observations/quadrat_repeat[16],SavMon_LW_Plot_01,2026-05-23,Grace_Achieng,herb_024,Quadrat 16: herb_024 is not identified yet.,field team
3c274f233931a7a8c4875b670cf86ed9,SPE-03,species,info,uuid:9fd08bb2-7c3f-49f5-8ad8-dd6f45da94da,uuid:9fd08bb2-7c3f-49f5-8ad8-dd6f45da94da/observations/quadrat_repeat[16],SavMon_LW_Plot_01,2026-05-23,Grace_Achieng,herb_029,Quadrat 16: herb_029 is not identified yet.,field team
a53bee5619798714951f7d1aac1b9b7f,SPE-03,species,info,uuid:9fd08bb2-7c3f-49f5-8ad8-dd6f45da94da,uuid:9fd08bb2-7c3f-49f5-8ad8-dd6f45da94da/observations/quadrat_repeat[16],SavMon_LW_Plot_01,2026-05-23,Grace_Achieng,herb_084,Quadrat 16: herb_084 is not identified yet.,field team
2df32bfd883765d554a95b6b39a180a1,SPE-03,species,info,uuid:9fd08bb2-7c3f-49f5-8ad8-dd6f45da94da,uuid:9fd08bb2-7c3f-49f5-8ad8-dd6f45da94da/observations/quadrat_repeat[17],SavMon_LW_Plot_01,2026-05-23,Grace_Achieng,herb_029,Quadrat 17: herb_029 is not identified yet.,field team
dac8d51136e8f29c71b8c9500cb5771f,SPE-03,species,info,uuid:9fd08bb2-7c3f-49f5-8ad8-dd6f45da94da,uuid:9fd08bb2-7c3f-49f5-8ad8-dd6f45da94da/observations/quadrat_repeat[17],SavMon_LW_Plot_01,2026-05-23,Grace_Achieng,herb_054,Quadrat 17: herb_054 is not identified yet.,field team
6cf225105cf5166bd89fd65e0818247d,SPE-03,species,info,uuid:9fd08bb2-7c3f-49f5-8ad8-dd6f45da94da,uuid:9fd08bb2-7c3f-49f5-8ad8-dd6f45da94da/observations/quadrat_repeat[17],SavMon_LW_Plot_01,2026-05-23,Grace_Achieng,herb_080,Quadrat 17: herb_080 is not identified yet.,field team
efb1bd4247c614f44dccb4649f654e6a,SPE-03,species,info,uuid:9fd08bb2-7c3f-49f5-8ad8-dd6f45da94da,uuid:9fd08bb2-7c3f-49f5-8ad8-dd6f45da94da/observations/quadrat_repeat[18],SavMon_LW_Plot_01,2026-05-23,Grace_Achieng,herb_017,Quadrat 18: herb_017 is not identified yet.,field team
bd78063ef9842378edbe4bb86f47c645,SPE-03,species,info,uuid:9fd08bb2-7c3f-49f5-8ad8-dd6f45da94da,uuid:9fd08bb2-7c3f-49f5-8ad8-dd6f45da94da/observations/quadrat_repeat[18],SavMon_LW_Plot_01,2026-05-23,Grace_Achieng,herb_084,Quadrat 18: herb_084 is not identified yet.,field team
2f21711f5d4fb0befab45117bd5d04d5,SPE-03,species,info,uuid:9fd08bb2-7c3f-49f5-8ad8-dd6f45da94da,uuid:9fd08bb2-7c3f-49f5-8ad8-dd6f45da94da/observations/quadrat_repeat[19],SavMon_LW_Plot_01,2026-05-23,Grace_Achieng,herb_017,Quadrat 19: herb_017 is not identified yet.,field team
3ae3310ecbae4a81c38f3c3523046396,SPE-03,species,info,uuid:9fd08bb2-7c3f-49f5-8ad8-dd6f45da94da,uuid:9fd08bb2-7c3f-49f5-8ad8-dd6f45da94da/observations/quadrat_repeat[19],SavMon_LW_Plot_01,2026-05-23,Grace_Achieng,herb_080,Quadrat 19: herb_080 is not identified yet.,field team
67d7ff8d860f12da5afcc4c258347647,SPE-03,species,info,uuid:9fd08bb2-7c3f-49f5-8ad8-dd6f45da94da,uuid:9fd08bb2-7c3f-49f5-8ad8-dd6f45da94da/observations/quadrat_repeat[20],SavMon_LW_Plot_01,2026-05-23,Grace_Achieng,herb_017,Quadrat 20: herb_017 is not identified yet.,field team
73d44b83439f11cbae6ae4181049f910,SPE-03,species,info,uuid:ebe93f04-c927-4af3-9668-21b6540c01ea,uuid:ebe93f04-c927-4af3-9668-21b6540c01ea/observations/quadrat_repeat[2],SavMon_LW_Plot_13,2026-05-23,Grace_Achieng,herb_010,Quadrat 2: herb_010 is not identified yet.,field team
2a4a61d2972aaa57d1d935b496f4f014,SPE-03,species,info,uuid:ebe93f04-c927-4af3-9668-21b6540c01ea,uuid:ebe93f04-c927-4af3-9668-21b6540c01ea/observations/quadrat_repeat[2],SavMon_LW_Plot_13,2026-05-23,Grace_Achieng,herb_038,Quadrat 2: herb_038 is not identified yet.,field team
0194ab4859c2b38e4024a379191d68a8,SPE-03,species,info,uuid:ebe93f04-c927-4af3-9668-21b6540c01ea,uuid:ebe93f04-c927-4af3-9668-21b6540c01ea/observations/quadrat_repeat[3],SavMon_LW_Plot_13,2026-05-23,Grace_Achieng,herb_010,Quadrat 3: herb_010 is not identified yet.,field team
0ac0676ee9231d6287f7d5b3bbd3d935,SPE-03,species,info,uuid:ebe93f04-c927-4af3-9668-21b6540c01ea,uuid:ebe93f04-c927-4af3-9668-21b6540c01ea/observations/quadrat_repeat[4],SavMon_LW_Plot_13,2026-05-23,Grace_Achieng,herb_010,Quadrat 4: herb_010 is not identified yet.,field team
d27e0b80b6c16c34bee7635828e0f06c,SPE-03,species,info,uuid:ebe93f04-c927-4af3-9668-21b6540c01ea,uuid:ebe93f04-c927-4af3-9668-21b6540c01ea/observations/quadrat_repeat[5],SavMon_LW_Plot_13,2026-05-23,Grace_Achieng,herb_010,Quadrat 5: herb_010 is not identified yet.,field team
d9cc123c0615edfbbfbf3f1a0b858881,SPE-03,species,info,uuid:ebe93f04-c927-4af3-9668-21b6540c01ea,uuid:ebe93f04-c927-4af3-9668-21b6540c01ea/observations/quadrat_repeat[6],SavMon_LW_Plot_13,2026-05-23,Grace_Achieng,herb_010,Quadrat 6: herb_010 is not identified yet.,field team
b599384ac1b88ac0ce926b8e36cb0675,SPE-03,species,info,uuid:ebe93f04-c927-4af3-9668-21b6540c01ea,uuid:ebe93f04-c927-4af3-9668-21b6540c01ea/observations/quadrat_repeat[7],SavMon_LW_Plot_13,2026-05-23,Grace_Achieng,herb_010,Quadrat 7: herb_010 is not identified yet.,field team
d09e5fddb031d5edc8b02b2a09c829b1,SPE-03,species,info,uuid:ebe93f04-c927-4af3-9668-21b6540c01ea,uuid:ebe93f04-c927-4af3-9668-21b6540c01ea/observations/quadrat_repeat[7],SavMon_LW_Plot_13,2026-05-23,Grace_Achieng,herb_038,Quadrat 7: herb_038 is not identified yet.,field team
171bd83b973d88107fe9a1006f54a0d3,SPE-03,species,info,uuid:ebe93f04-c927-4af3-9668-21b6540c01ea,uuid:ebe93f04-c927-4af3-9668-21b6540c01ea/observations/quadrat_repeat[8],SavMon_LW_Plot_13,2026-05-23,Grace_Achieng,herb_010,Quadrat 8: herb_010 is not identified yet.,field team
2ada78a0150b74f19e39901689458b41,SPE-03,species,info,uuid:ebe93f04-c927-4af3-9668-21b6540c01ea,uuid:ebe93f04-c927-4af3-9668-21b6540c01ea/observations/quadrat_repeat[9],SavMon_LW_Plot_13,2026-05-23,Grace_Achieng,herb_010,Quadrat 9: herb_010 is not identified yet.,field team
2f61ece96909b47b5c1acad349df6351,SPE-03,species,info,uuid:ebe93f04-c927-4af3-9668-21b6540c01ea,uuid:ebe93f04-c927-4af3-9668-21b6540c01ea/observations/quadrat_repeat[9],SavMon_LW_Plot_13,2026-05-23,Grace_Achieng,herb_011,Quadrat 9: herb_011 is not identified yet.,field team
a35f90e9e7f101379be8def19bcc65e2,SPE-03,species,info,uuid:ebe93f04-c927-4af3-9668-21b6540c01ea,uuid:ebe93f04-c927-4af3-9668-21b6540c01ea/observations/quadrat_repeat[10],SavMon_LW_Plot_13,2026-05-23,Grace_Achieng,herb_010,Quadrat 10: herb_010 is not identified yet.,field team
4d2dace2246892d0b73fa14d421f778a,SPE-03,species,info,uuid:ebe93f04-c927-4af3-9668-21b6540c01ea,uuid:ebe93f04-c927-4af3-9668-21b6540c01ea/observations/quadrat_repeat[10],SavMon_LW_Plot_13,2026-05-23,Grace_Achieng,herb_038,Quadrat 10: herb_038 is not identified yet.,field team
9ec56d40f89af78faf5bbbbbe1beedb5,SPE-03,species,info,uuid:ebe93f04-c927-4af3-9668-21b6540c01ea,uuid:ebe93f04-c927-4af3-9668-21b6540c01ea/observations/quadrat_repeat[11],SavMon_LW_Plot_13,2026-05-23,Grace_Achieng,herb_010,Quadrat 11: herb_010 is not identified yet.,field team
e4b35a1e285e099be6e65d36b8d4a16a,SPE-03,species,info,uuid:ebe93f04-c927-4af3-9668-21b6540c01ea,uuid:ebe93f04-c927-4af3-9668-21b6540c01ea/observations/quadrat_repeat[11],SavMon_LW_Plot_13,2026-05-23,Grace_Achieng,herb_011,Quadrat 11: herb_011 is not identified yet.,field team
1584fecbf33143b39028d9eced0b6666,SPE-03,species,info,uuid:ebe93f04-c927-4af3-9668-21b6540c01ea,uuid:ebe93f04-c927-4af3-9668-21b6540c01ea/observations/quadrat_repeat[12],SavMon_LW_Plot_13,2026-05-23,Grace_Achieng,herb_010,Quadrat 12: herb_010 is not identified yet.,field team
cdfea7a89963ec87e2b3c6975a9b8cc4,SPE-03,species,info,uuid:ebe93f04-c927-4af3-9668-21b6540c01ea,uuid:ebe93f04-c927-4af3-9668-21b6540c01ea/observations/quadrat_repeat[13],SavMon_LW_Plot_13,2026-05-23,Grace_Achieng,herb_009,Quadrat 13: herb_009 is not identified yet.,field team
ab7c50c43f4dc79faf23281ef259449e,SPE-03,species,info,uuid:ebe93f04-c927-4af3-9668-21b6540c01ea,uuid:ebe93f04-c927-4af3-9668-21b6540c01ea/observations/quadrat_repeat[13],SavMon_LW_Plot_13,2026-05-23,Grace_Achieng,herb_038,Quadrat 13: herb_038 is not identified yet.,field team
b7f5bd9647d71e094214da6d0f38d641,SPE-03,species,info,uuid:ebe93f04-c927-4af3-9668-21b6540c01ea,uuid:ebe93f04-c927-4af3-9668-21b6540c01ea/observations/quadrat_repeat[14],SavMon_LW_Plot_13,2026-05-23,Grace_Achieng,herb_010,Quadrat 14: herb_010 is not identified yet.,field team
7f2122342e330d8bf07f695815361267,SPE-03,species,info,uuid:ebe93f04-c927-4af3-9668-21b6540c01ea,uuid:ebe93f04-c927-4af3-9668-21b6540c01ea/observations/quadrat_repeat[14],SavMon_LW_Plot_13,2026-05-23,Grace_Achieng,herb_038,Quadrat 14: herb_038 is not identified yet.,field team
fa993bcb8764a324b69f5aab2b84884c,SPE-03,species,info,uuid:ebe93f04-c927-4af3-9668-21b6540c01ea,uuid:ebe93f04-c927-4af3-9668-21b6540c01ea/observations/quadrat_repeat[15],SavMon_LW_Plot_13,2026-05-23,Grace_Achieng,herb_009,Quadrat 15: herb_009 is not identified yet.,field team
199d93513e2b660968e367c839db184a,SPE-03,species,info,uuid:ebe93f04-c927-4af3-9668-21b6540c01ea,uuid:ebe93f04-c927-4af3-9668-21b6540c01ea/observations/quadrat_repeat[15],SavMon_LW_Plot_13,2026-05-23,Grace_Achieng,herb_010,Quadrat 15: herb_010 is not identified yet.,field team
457a7efc49d0cde0abbd3bcc81ad78a5,SPE-03,species,info,uuid:ebe93f04-c927-4af3-9668-21b6540c01ea,uuid:ebe93f04-c927-4af3-9668-21b6540c01ea/observations/quadrat_repeat[15],SavMon_LW_Plot_13,2026-05-23,Grace_Achieng,herb_038,Quadrat 15: herb_038 is not identified yet.,field team
dfb98a7b90ebe689fabcb24dbfa34d96,SPE-03,species,info,uuid:ebe93f04-c927-4af3-9668-21b6540c01ea,uuid:ebe93f04-c927-4af3-9668-21b6540c01ea/observations/quadrat_repeat[16],SavMon_LW_Plot_13,2026-05-23,Grace_Achieng,herb_010,Quadrat 16: herb_010 is not identified yet.,field team
91341f41cbde42525a5cc53c45fc9a3a,SPE-03,species,info,uuid:ebe93f04-c927-4af3-9668-21b6540c01ea,uuid:ebe93f04-c927-4af3-9668-21b6540c01ea/observations/quadrat_repeat[17],SavMon_LW_Plot_13,2026-05-23,Grace_Achieng,herb_010,Quadrat 17: herb_010 is not identified yet.,field team
93be037faf632e20302f281232d59895,SPE-03,species,info,uuid:ebe93f04-c927-4af3-9668-21b6540c01ea,uuid:ebe93f04-c927-4af3-9668-21b6540c01ea/observations/quadrat_repeat[17],SavMon_LW_Plot_13,2026-05-23,Grace_Achieng,herb_038,Quadrat 17: herb_038 is not identified yet.,field team
9b4ab368799b26ffbc673a6f8c472451,SPE-03,species,info,uuid:ebe93f04-c927-4af3-9668-21b6540c01ea,uuid:ebe93f04-c927-4af3-9668-21b6540c01ea/observations/quadrat_repeat[18],SavMon_LW_Plot_13,2026-05-23,Grace_Achieng,herb_010,Quadrat 18: herb_010 is not identified yet.,field team
c258ab8678059babdd57b601e2087d3a,SPE-03,species,info,uuid:ebe93f04-c927-4af3-9668-21b6540c01ea,uuid:ebe93f04-c927-4af3-9668-21b6540c01ea/observations/quadrat_repeat[18],SavMon_LW_Plot_13,2026-05-23,Grace_Achieng,herb_038,Quadrat 18: herb_038 is not identified yet.,field team
81c31088074cd651d514f9455a51e4ef,SPE-03,species,info,uuid:ebe93f04-c927-4af3-9668-21b6540c01ea,uuid:ebe93f04-c927-4af3-9668-21b6540c01ea/observations/quadrat_repeat[19],SavMon_LW_Plot_13,2026-05-23,Grace_Achieng,herb_010,Quadrat 19: herb_010 is not identified yet.,field team
305b034bcfbb8bf8d0d0816a5b10bfcc,SPE-03,species,info,uuid:b940a5e4-f4ed-4120-ba4e-70f858b86dfd,uuid:b940a5e4-f4ed-4120-ba4e-70f858b86dfd/observations/quadrat_repeat[1],SavMon_LW_Plot_17,2026-05-23,Grace_Achieng,herb_010,Quadrat 1: herb_010 is not identified yet.,field team
10a05eb8a8590a8e303e1dba36b802dd,SPE-03,species,info,uuid:b940a5e4-f4ed-4120-ba4e-70f858b86dfd,uuid:b940a5e4-f4ed-4120-ba4e-70f858b86dfd/observations/quadrat_repeat[1],SavMon_LW_Plot_17,2026-05-23,Grace_Achieng,herb_017,Quadrat 1: herb_017 is not identified yet.,field team
ce24c60c6a4d09c2136bfec0c05d5d6c,SPE-03,species,info,uuid:b940a5e4-f4ed-4120-ba4e-70f858b86dfd,uuid:b940a5e4-f4ed-4120-ba4e-70f858b86dfd/observations/quadrat_repeat[2],SavMon_LW_Plot_17,2026-05-23,Grace_Achieng,herb_010,Quadrat 2: herb_010 is not identified yet.,field team
8c57223b4a51b117fbf227ea038ea2a8,SPE-03,species,info,uuid:b940a5e4-f4ed-4120-ba4e-70f858b86dfd,uuid:b940a5e4-f4ed-4120-ba4e-70f858b86dfd/observations/quadrat_repeat[2],SavMon_LW_Plot_17,2026-05-23,Grace_Achieng,herb_016,Quadrat 2: herb_016 is not identified yet.,field team
083388edd619b82a58dc65fad4262f1e,SPE-03,species,info,uuid:b940a5e4-f4ed-4120-ba4e-70f858b86dfd,uuid:b940a5e4-f4ed-4120-ba4e-70f858b86dfd/observations/quadrat_repeat[2],SavMon_LW_Plot_17,2026-05-23,Grace_Achieng,herb_029,Quadrat 2: herb_029 is not identified yet.,field team
041bb281259a61f37cbfa3362f3f772f,SPE-03,species,info,uuid:b940a5e4-f4ed-4120-ba4e-70f858b86dfd,uuid:b940a5e4-f4ed-4120-ba4e-70f858b86dfd/observations/quadrat_repeat[3],SavMon_LW_Plot_17,2026-05-23,Grace_Achieng,herb_010,Quadrat 3: herb_010 is not identified yet.,field team
14434ef91c3615389d385e6700b15425,SPE-03,species,info,uuid:b940a5e4-f4ed-4120-ba4e-70f858b86dfd,uuid:b940a5e4-f4ed-4120-ba4e-70f858b86dfd/observations/quadrat_repeat[4],SavMon_LW_Plot_17,2026-05-23,Grace_Achieng,herb_002,Quadrat 4: herb_002 is not identified yet.,field team
cd65cbf339a3ca2e5c7787754a015c29,SPE-03,species,info,uuid:b940a5e4-f4ed-4120-ba4e-70f858b86dfd,uuid:b940a5e4-f4ed-4120-ba4e-70f858b86dfd/observations/quadrat_repeat[4],SavMon_LW_Plot_17,2026-05-23,Grace_Achieng,herb_010,Quadrat 4: herb_010 is not identified yet.,field team
d813449d8ad30c1dc43cb47f3cce8fd7,SPE-03,species,info,uuid:b940a5e4-f4ed-4120-ba4e-70f858b86dfd,uuid:b940a5e4-f4ed-4120-ba4e-70f858b86dfd/observations/quadrat_repeat[5],SavMon_LW_Plot_17,2026-05-23,Grace_Achieng,herb_010,Quadrat 5: herb_010 is not identified yet.,field team
14087976c91f3f1af34f555e09ee1320,SPE-03,species,info,uuid:b940a5e4-f4ed-4120-ba4e-70f858b86dfd,uuid:b940a5e4-f4ed-4120-ba4e-70f858b86dfd/observations/quadrat_repeat[6],SavMon_LW_Plot_17,2026-05-23,Grace_Achieng,herb_010,Quadrat 6: herb_010 is not identified yet.,field team
0f620002fe82ff7d29c0c577c5d6cbca,SPE-03,species,info,uuid:b940a5e4-f4ed-4120-ba4e-70f858b86dfd,uuid:b940a5e4-f4ed-4120-ba4e-70f858b86dfd/observations/quadrat_repeat[7],SavMon_LW_Plot_17,2026-05-23,Grace_Achieng,herb_010,Quadrat 7: herb_010 is not identified yet.,field team
a943530452e22236e8380bfe5d76e0dc,SPE-03,species,info,uuid:b940a5e4-f4ed-4120-ba4e-70f858b86dfd,uuid:b940a5e4-f4ed-4120-ba4e-70f858b86dfd/observations/quadrat_repeat[7],SavMon_LW_Plot_17,2026-05-23,Grace_Achieng,herb_017,Quadrat 7: herb_017 is not identified yet.,field team
e300d7939c3575e07d5e8480c046bb54,SPE-03,species,info,uuid:b940a5e4-f4ed-4120-ba4e-70f858b86dfd,uuid:b940a5e4-f4ed-4120-ba4e-70f858b86dfd/observations/quadrat_repeat[8],SavMon_LW_Plot_17,2026-05-23,Grace_Achieng,herb_010,Quadrat 8: herb_010 is not identified yet.,field team
41e22495dee72b0f46224e865e08638e,SPE-03,species,info,uuid:b940a5e4-f4ed-4120-ba4e-70f858b86dfd,uuid:b940a5e4-f4ed-4120-ba4e-70f858b86dfd/observations/quadrat_repeat[8],SavMon_LW_Plot_17,2026-05-23,Grace_Achieng,herb_014,Quadrat 8: herb_014 is not identified yet.,field team
8eb1c178a24b153833d1465fa31d9b46,SPE-03,species,info,uuid:b940a5e4-f4ed-4120-ba4e-70f858b86dfd,uuid:b940a5e4-f4ed-4120-ba4e-70f858b86dfd/observations/quadrat_repeat[9],SavMon_LW_Plot_17,2026-05-23,Grace_Achieng,herb_010,Quadrat 9: herb_010 is not identified yet.,field team
907a51df89269b752d50ec6e1706497f,SPE-03,species,info,uuid:b940a5e4-f4ed-4120-ba4e-70f858b86dfd,uuid:b940a5e4-f4ed-4120-ba4e-70f858b86dfd/observations/quadrat_repeat[9],SavMon_LW_Plot_17,2026-05-23,Grace_Achieng,herb_014,Quadrat 9: herb_014 is not identified yet.,field team
8d428b8d777d54b92dd1347aa24c8f8a,SPE-03,species,info,uuid:b940a5e4-f4ed-4120-ba4e-70f858b86dfd,uuid:b940a5e4-f4ed-4120-ba4e-70f858b86dfd/observations/quadrat_repeat[9],SavMon_LW_Plot_17,2026-05-23,Grace_Achieng,herb_017,Quadrat 9: herb_017 is not identified yet.,field team
0fb29693efedac3b296ae2911a4d0dde,SPE-03,species,info,uuid:b940a5e4-f4ed-4120-ba4e-70f858b86dfd,uuid:b940a5e4-f4ed-4120-ba4e-70f858b86dfd/observations/quadrat_repeat[10],SavMon_LW_Plot_17,2026-05-23,Grace_Achieng,herb_010,Quadrat 10: herb_010 is not identified yet.,field team
1280348a84c57a77c520fa8cf3734902,SPE-03,species,info,uuid:b940a5e4-f4ed-4120-ba4e-70f858b86dfd,uuid:b940a5e4-f4ed-4120-ba4e-70f858b86dfd/observations/quadrat_repeat[10],SavMon_LW_Plot_17,2026-05-23,Grace_Achieng,herb_017,Quadrat 10: herb_017 is not identified yet.,field team
c6e1495b2fa7386d6cfcc06482b9dd8a,SPE-03,species,info,uuid:b940a5e4-f4ed-4120-ba4e-70f858b86dfd,uuid:b940a5e4-f4ed-4120-ba4e-70f858b86dfd/observations/quadrat_repeat[11],SavMon_LW_Plot_17,2026-05-23,Grace_Achieng,herb_010,Quadrat 11: herb_010 is not identified yet.,field team
749d2fc1a68ab598d6d3834c125a2d1d,SPE-03,species,info,uuid:b940a5e4-f4ed-4120-ba4e-70f858b86dfd,uuid:b940a5e4-f4ed-4120-ba4e-70f858b86dfd/observations/quadrat_repeat[11],SavMon_LW_Plot_17,2026-05-23,Grace_Achieng,herb_045,Quadrat 11: herb_045 is not identified yet.,field team
7778425f542db37e31a9c0675d5e8a54,SPE-03,species,info,uuid:b940a5e4-f4ed-4120-ba4e-70f858b86dfd,uuid:b940a5e4-f4ed-4120-ba4e-70f858b86dfd/observations/quadrat_repeat[12],SavMon_LW_Plot_17,2026-05-23,Grace_Achieng,herb_010,Quadrat 12: herb_010 is not identified yet.,field team
73d733b6a6b727175dbb7b94eb2406fc,SPE-03,species,info,uuid:b940a5e4-f4ed-4120-ba4e-70f858b86dfd,uuid:b940a5e4-f4ed-4120-ba4e-70f858b86dfd/observations/quadrat_repeat[13],SavMon_LW_Plot_17,2026-05-23,Grace_Achieng,herb_002,Quadrat 13: herb_002 is not identified yet.,field team
b5d296408736b3a930742616f754e66d,SPE-03,species,info,uuid:b940a5e4-f4ed-4120-ba4e-70f858b86dfd,uuid:b940a5e4-f4ed-4120-ba4e-70f858b86dfd/observations/quadrat_repeat[13],SavMon_LW_Plot_17,2026-05-23,Grace_Achieng,herb_061,Quadrat 13: herb_061 is not identified yet.,field team
b09e97c065aa0b2de2e17c891be6b672,SPE-03,species,info,uuid:b940a5e4-f4ed-4120-ba4e-70f858b86dfd,uuid:b940a5e4-f4ed-4120-ba4e-70f858b86dfd/observations/quadrat_repeat[14],SavMon_LW_Plot_17,2026-05-23,Grace_Achieng,herb_010,Quadrat 14: herb_010 is not identified yet.,field team
071004648aaf5b88319bfebaf33b8dfa,SPE-03,species,info,uuid:b940a5e4-f4ed-4120-ba4e-70f858b86dfd,uuid:b940a5e4-f4ed-4120-ba4e-70f858b86dfd/observations/quadrat_repeat[14],SavMon_LW_Plot_17,2026-05-23,Grace_Achieng,herb_017,Quadrat 14: herb_017 is not identified yet.,field team
430ce2ed0492d3931c5764f2743d1a09,SPE-03,species,info,uuid:b940a5e4-f4ed-4120-ba4e-70f858b86dfd,uuid:b940a5e4-f4ed-4120-ba4e-70f858b86dfd/observations/quadrat_repeat[15],SavMon_LW_Plot_17,2026-05-23,Grace_Achieng,herb_010,Quadrat 15: herb_010 is not identified yet.,field team
1dfa7444c46495183e892efe63210ba2,SPE-03,species,info,uuid:b940a5e4-f4ed-4120-ba4e-70f858b86dfd,uuid:b940a5e4-f4ed-4120-ba4e-70f858b86dfd/observations/quadrat_repeat[16],SavMon_LW_Plot_17,2026-05-23,Grace_Achieng,herb_010,Quadrat 16: herb_010 is not identified yet.,field team
adcbb697f01559d9cf9b28af8b74d5cd,SPE-03,species,info,uuid:b940a5e4-f4ed-4120-ba4e-70f858b86dfd,uuid:b940a5e4-f4ed-4120-ba4e-70f858b86dfd/observations/quadrat_repeat[17],SavMon_LW_Plot_17,2026-05-23,Grace_Achieng,herb_017,Quadrat 17: herb_017 is not identified yet.,field team
2f453e668dd8ec679b09b9a161a60e91,SPE-03,species,info,uuid:b940a5e4-f4ed-4120-ba4e-70f858b86dfd,uuid:b940a5e4-f4ed-4120-ba4e-70f858b86dfd/observations/quadrat_repeat[17],SavMon_LW_Plot_17,2026-05-23,Grace_Achieng,herb_037,Quadrat 17: herb_037 is not identified yet.,field team
e730e9bb1d19d161c4aead2d79556143,SPE-03,species,info,uuid:b940a5e4-f4ed-4120-ba4e-70f858b86dfd,uuid:b940a5e4-f4ed-4120-ba4e-70f858b86dfd/observations/quadrat_repeat[19],SavMon_LW_Plot_17,2026-05-23,Grace_Achieng,herb_017,Quadrat 19: herb_017 is not identified yet.,field team
625304033c9cf103b866498ea6e66501,SPE-03,species,info,uuid:b940a5e4-f4ed-4120-ba4e-70f858b86dfd,uuid:b940a5e4-f4ed-4120-ba4e-70f858b86dfd/observations/quadrat_repeat[19],SavMon_LW_Plot_17,2026-05-23,Grace_Achieng,herb_061,Quadrat 19: herb_061 is not identified yet.,field team
a5353fe325a090279a9f1a7b6cd67104,SPE-03,species,info,uuid:b940a5e4-f4ed-4120-ba4e-70f858b86dfd,uuid:b940a5e4-f4ed-4120-ba4e-70f858b86dfd/observations/quadrat_repeat[20],SavMon_LW_Plot_17,2026-05-23,Grace_Achieng,herb_010,Quadrat 20: herb_010 is not identified yet.,field team
8a2b8bb7f0642eb13e44ec4b13d59b12,SPE-03,species,info,uuid:b940a5e4-f4ed-4120-ba4e-70f858b86dfd,uuid:b940a5e4-f4ed-4120-ba4e-70f858b86dfd/observations/quadrat_repeat[20],SavMon_LW_Plot_17,2026-05-23,Grace_Achieng,herb_061,Quadrat 20: herb_061 is not identified yet.,field team
24d1d6cf8eae4125ccd740f24738e50b,SPE-03,species,info,uuid:7ae61d55-3663-422e-aad2-9104b56c9a47,uuid:7ae61d55-3663-422e-aad2-9104b56c9a47/observations/quadrat_repeat[1],SavMon_LW_Plot_06,2026-05-23,Grace_Achieng,herb_017,Quadrat 1: herb_017 is not identified yet.,field team
50318aced57ee54dab26e48961077f79,SPE-03,species,info,uuid:7ae61d55-3663-422e-aad2-9104b56c9a47,uuid:7ae61d55-3663-422e-aad2-9104b56c9a47/observations/quadrat_repeat[1],SavMon_LW_Plot_06,2026-05-23,Grace_Achieng,herb_029,Quadrat 1: herb_029 is not identified yet.,field team
0f5bfaefc72c978cc10eaec775ae5faf,SPE-03,species,info,uuid:7ae61d55-3663-422e-aad2-9104b56c9a47,uuid:7ae61d55-3663-422e-aad2-9104b56c9a47/observations/quadrat_repeat[1],SavMon_LW_Plot_06,2026-05-23,Grace_Achieng,herb_076,Quadrat 1: herb_076 is not identified yet.,field team
09c45dc7f76961ea8ff18a69220fc0be,SPE-03,species,info,uuid:7ae61d55-3663-422e-aad2-9104b56c9a47,uuid:7ae61d55-3663-422e-aad2-9104b56c9a47/observations/quadrat_repeat[2],SavMon_LW_Plot_06,2026-05-23,Grace_Achieng,herb_016,Quadrat 2: herb_016 is not identified yet.,field team
d248a605499bf1406ae27552ec52d4c2,SPE-03,species,info,uuid:7ae61d55-3663-422e-aad2-9104b56c9a47,uuid:7ae61d55-3663-422e-aad2-9104b56c9a47/observations/quadrat_repeat[3],SavMon_LW_Plot_06,2026-05-23,Grace_Achieng,herb_029,Quadrat 3: herb_029 is not identified yet.,field team
3abb6ef8f289d5de9143d1073996d171,SPE-03,species,info,uuid:7ae61d55-3663-422e-aad2-9104b56c9a47,uuid:7ae61d55-3663-422e-aad2-9104b56c9a47/observations/quadrat_repeat[3],SavMon_LW_Plot_06,2026-05-23,Grace_Achieng,herb_078,Quadrat 3: herb_078 is not identified yet.,field team
04ef348ade7073e69204c70ba54cc46c,SPE-03,species,info,uuid:7ae61d55-3663-422e-aad2-9104b56c9a47,uuid:7ae61d55-3663-422e-aad2-9104b56c9a47/observations/quadrat_repeat[4],SavMon_LW_Plot_06,2026-05-23,Grace_Achieng,herb_009,Quadrat 4: herb_009 is not identified yet.,field team
e93f95767fa8b658693d3576d17f0506,SPE-03,species,info,uuid:7ae61d55-3663-422e-aad2-9104b56c9a47,uuid:7ae61d55-3663-422e-aad2-9104b56c9a47/observations/quadrat_repeat[5],SavMon_LW_Plot_06,2026-05-23,Grace_Achieng,herb_016,Quadrat 5: herb_016 is not identified yet.,field team
6ad8dd736f52fc49d788789a4873d6a3,SPE-03,species,info,uuid:7ae61d55-3663-422e-aad2-9104b56c9a47,uuid:7ae61d55-3663-422e-aad2-9104b56c9a47/observations/quadrat_repeat[6],SavMon_LW_Plot_06,2026-05-23,Grace_Achieng,herb_016,Quadrat 6: herb_016 is not identified yet.,field team
d5f875e7a02160b4cc4abd9ce9e3492f,SPE-03,species,info,uuid:7ae61d55-3663-422e-aad2-9104b56c9a47,uuid:7ae61d55-3663-422e-aad2-9104b56c9a47/observations/quadrat_repeat[7],SavMon_LW_Plot_06,2026-05-23,Grace_Achieng,herb_017,Quadrat 7: herb_017 is not identified yet.,field team
e1cc3a10cab41583780d72fe38903d99,SPE-03,species,info,uuid:7ae61d55-3663-422e-aad2-9104b56c9a47,uuid:7ae61d55-3663-422e-aad2-9104b56c9a47/observations/quadrat_repeat[8],SavMon_LW_Plot_06,2026-05-23,Grace_Achieng,herb_009,Quadrat 8: herb_009 is not identified yet.,field team
4ed9d89faf414d015dd87a47fc7663aa,SPE-03,species,info,uuid:7ae61d55-3663-422e-aad2-9104b56c9a47,uuid:7ae61d55-3663-422e-aad2-9104b56c9a47/observations/quadrat_repeat[8],SavMon_LW_Plot_06,2026-05-23,Grace_Achieng,herb_017,Quadrat 8: herb_017 is not identified yet.,field team
b157d38881c820b5f0c8c30cc2980de2,SPE-03,species,info,uuid:7ae61d55-3663-422e-aad2-9104b56c9a47,uuid:7ae61d55-3663-422e-aad2-9104b56c9a47/observations/quadrat_repeat[10],SavMon_LW_Plot_06,2026-05-23,Grace_Achieng,herb_080,Quadrat 10: herb_080 is not identified yet.,field team
5b31249e9c6af9ab5eb2669792b02b29,SPE-03,species,info,uuid:7ae61d55-3663-422e-aad2-9104b56c9a47,uuid:7ae61d55-3663-422e-aad2-9104b56c9a47/observations/quadrat_repeat[10],SavMon_LW_Plot_06,2026-05-23,Grace_Achieng,herb_081,Quadrat 10: herb_081 is not identified yet.,field team
8ece5e444288952da67aca4a72ac0d92,SPE-03,species,info,uuid:7ae61d55-3663-422e-aad2-9104b56c9a47,uuid:7ae61d55-3663-422e-aad2-9104b56c9a47/observations/quadrat_repeat[12],SavMon_LW_Plot_06,2026-05-23,Grace_Achieng,herb_012,Quadrat 12: herb_012 is not identified yet.,field team
7b98d5fbf524449c72d70454ce740a03,SPE-03,species,info,uuid:7ae61d55-3663-422e-aad2-9104b56c9a47,uuid:7ae61d55-3663-422e-aad2-9104b56c9a47/observations/quadrat_repeat[12],SavMon_LW_Plot_06,2026-05-23,Grace_Achieng,herb_077,Quadrat 12: herb_077 is not identified yet.,field team
977ee07c8d8668a25ba2fbb52d00e880,SPE-03,species,info,uuid:7ae61d55-3663-422e-aad2-9104b56c9a47,uuid:7ae61d55-3663-422e-aad2-9104b56c9a47/observations/quadrat_repeat[13],SavMon_LW_Plot_06,2026-05-23,Grace_Achieng,herb_017,Quadrat 13: herb_017 is not identified yet.,field team
f64a227c224afe5e9b48a6c1a2ded6ba,SPE-03,species,info,uuid:7ae61d55-3663-422e-aad2-9104b56c9a47,uuid:7ae61d55-3663-422e-aad2-9104b56c9a47/observations/quadrat_repeat[13],SavMon_LW_Plot_06,2026-05-23,Grace_Achieng,herb_079,Quadrat 13: herb_079 is not identified yet.,field team
8e38ae0268f72a2aa005e576ad1f6dea,SPE-03,species,info,uuid:7ae61d55-3663-422e-aad2-9104b56c9a47,uuid:7ae61d55-3663-422e-aad2-9104b56c9a47/observations/quadrat_repeat[14],SavMon_LW_Plot_06,2026-05-23,Grace_Achieng,herb_017,Quadrat 14: herb_017 is not identified yet.,field team
ee904595868708848ee499670512e255,SPE-03,species,info,uuid:7ae61d55-3663-422e-aad2-9104b56c9a47,uuid:7ae61d55-3663-422e-aad2-9104b56c9a47/observations/quadrat_repeat[15],SavMon_LW_Plot_06,2026-05-23,Grace_Achieng,herb_012,Quadrat 15: herb_012 is not identified yet.,field team
88262a4d1ffd4c1471f82b5125719b79,SPE-03,species,info,uuid:7ae61d55-3663-422e-aad2-9104b56c9a47,uuid:7ae61d55-3663-422e-aad2-9104b56c9a47/observations/quadrat_repeat[15],SavMon_LW_Plot_06,2026-05-23,Grace_Achieng,herb_016,Quadrat 15: herb_016 is not identified yet.,field team
c610a657de69ff412ef087ffb471f33c,SPE-03,species,info,uuid:7ae61d55-3663-422e-aad2-9104b56c9a47,uuid:7ae61d55-3663-422e-aad2-9104b56c9a47/observations/quadrat_repeat[15],SavMon_LW_Plot_06,2026-05-23,Grace_Achieng,herb_017,Quadrat 15: herb_017 is not identified yet.,field team
0e000515ff6bd3f4d3c614718c1cbb9f,SPE-03,species,info,uuid:7ae61d55-3663-422e-aad2-9104b56c9a47,uuid:7ae61d55-3663-422e-aad2-9104b56c9a47/observations/quadrat_repeat[16],SavMon_LW_Plot_06,2026-05-23,Grace_Achieng,herb_016,Quadrat 16: herb_016 is not identified yet.,field team
4706f33abde2ba20948327581b5178d8,SPE-03,species,info,uuid:7ae61d55-3663-422e-aad2-9104b56c9a47,uuid:7ae61d55-3663-422e-aad2-9104b56c9a47/observations/quadrat_repeat[17],SavMon_LW_Plot_06,2026-05-23,Grace_Achieng,herb_077,Quadrat 17: herb_077 is not identified yet.,field team
d006f755c1ea47f689a51f34ed050b3e,SPE-03,species,info,uuid:7ae61d55-3663-422e-aad2-9104b56c9a47,uuid:7ae61d55-3663-422e-aad2-9104b56c9a47/observations/quadrat_repeat[18],SavMon_LW_Plot_06,2026-05-23,Grace_Achieng,herb_016,Quadrat 18: herb_016 is not identified yet.,field team
334a6313cb9c4338847bb3b84c737c79,SPE-03,species,info,uuid:7ae61d55-3663-422e-aad2-9104b56c9a47,uuid:7ae61d55-3663-422e-aad2-9104b56c9a47/observations/quadrat_repeat[18],SavMon_LW_Plot_06,2026-05-23,Grace_Achieng,herb_017,Quadrat 18: herb_017 is not identified yet.,field team
8ba7993a6a6864b720098d45dd386443,SPE-03,species,info,uuid:7ae61d55-3663-422e-aad2-9104b56c9a47,uuid:7ae61d55-3663-422e-aad2-9104b56c9a47/observations/quadrat_repeat[18],SavMon_LW_Plot_06,2026-05-23,Grace_Achieng,herb_082,Quadrat 18: herb_082 is not identified yet.,field team
ba4b885ddcf2086c31a714171d72ac7d,SPE-03,species,info,uuid:7ae61d55-3663-422e-aad2-9104b56c9a47,uuid:7ae61d55-3663-422e-aad2-9104b56c9a47/observations/quadrat_repeat[19],SavMon_LW_Plot_06,2026-05-23,Grace_Achieng,herb_016,Quadrat 19: herb_016 is not identified yet.,field team
ed1275ef62fce65a77bc355db57c154b,SPE-03,species,info,uuid:7ae61d55-3663-422e-aad2-9104b56c9a47,uuid:7ae61d55-3663-422e-aad2-9104b56c9a47/observations/quadrat_repeat[19],SavMon_LW_Plot_06,2026-05-23,Grace_Achieng,herb_017,Quadrat 19: herb_017 is not identified yet.,field team
4978015b3a923d9ac2242cd94970907d,SPE-03,species,info,uuid:7ae61d55-3663-422e-aad2-9104b56c9a47,uuid:7ae61d55-3663-422e-aad2-9104b56c9a47/observations/quadrat_repeat[20],SavMon_LW_Plot_06,2026-05-23,Grace_Achieng,herb_016,Quadrat 20: herb_016 is not identified yet.,field team
b7d099438c72abd615f516676100331a,SPE-03,species,info,uuid:dae71a1b-a6f9-4a6d-a7e5-8ffbb89fad6f,uuid:dae71a1b-a6f9-4a6d-a7e5-8ffbb89fad6f/observations/quadrat_repeat[1],SavMon_LW_Plot_46,2026-05-22,Grace_Achieng,herb_024,Quadrat 1: herb_024 is not identified yet.,field team
ed2c97185d6447d72ff9766fb064ae56,SPE-03,species,info,uuid:dae71a1b-a6f9-4a6d-a7e5-8ffbb89fad6f,uuid:dae71a1b-a6f9-4a6d-a7e5-8ffbb89fad6f/observations/quadrat_repeat[2],SavMon_LW_Plot_46,2026-05-22,Grace_Achieng,herb_024,Quadrat 2: herb_024 is not identified yet.,field team
0ec0b4478da706fca7017df1a3673678,SPE-03,species,info,uuid:dae71a1b-a6f9-4a6d-a7e5-8ffbb89fad6f,uuid:dae71a1b-a6f9-4a6d-a7e5-8ffbb89fad6f/observations/quadrat_repeat[3],SavMon_LW_Plot_46,2026-05-22,Grace_Achieng,herb_024,Quadrat 3: herb_024 is not identified yet.,field team
a368e53c1fb4d71b74fc6d24c9aeac39,SPE-03,species,info,uuid:dae71a1b-a6f9-4a6d-a7e5-8ffbb89fad6f,uuid:dae71a1b-a6f9-4a6d-a7e5-8ffbb89fad6f/observations/quadrat_repeat[4],SavMon_LW_Plot_46,2026-05-22,Grace_Achieng,herb_075,Quadrat 4: herb_075 is not identified yet.,field team
f99013fd2fb05d25cb367e8c8a044917,SPE-03,species,info,uuid:dae71a1b-a6f9-4a6d-a7e5-8ffbb89fad6f,uuid:dae71a1b-a6f9-4a6d-a7e5-8ffbb89fad6f/observations/quadrat_repeat[11],SavMon_LW_Plot_46,2026-05-22,Grace_Achieng,herb_024,Quadrat 11: herb_024 is not identified yet.,field team
b71c7e1b98b6e2539054cb2f8cc88dff,SPE-03,species,info,uuid:dae71a1b-a6f9-4a6d-a7e5-8ffbb89fad6f,uuid:dae71a1b-a6f9-4a6d-a7e5-8ffbb89fad6f/observations/quadrat_repeat[17],SavMon_LW_Plot_46,2026-05-22,Grace_Achieng,herb_045,Quadrat 17: herb_045 is not identified yet.,field team
547374e8796b74f275d76a8a1f37927c,SPE-03,species,info,uuid:dae71a1b-a6f9-4a6d-a7e5-8ffbb89fad6f,uuid:dae71a1b-a6f9-4a6d-a7e5-8ffbb89fad6f/observations/quadrat_repeat[18],SavMon_LW_Plot_46,2026-05-22,Grace_Achieng,herb_024,Quadrat 18: herb_024 is not identified yet.,field team
b565a180b50dcf76e880f2c9f7d5287e,SPE-03,species,info,uuid:dae71a1b-a6f9-4a6d-a7e5-8ffbb89fad6f,uuid:dae71a1b-a6f9-4a6d-a7e5-8ffbb89fad6f/observations/quadrat_repeat[19],SavMon_LW_Plot_46,2026-05-22,Grace_Achieng,herb_075,Quadrat 19: herb_075 is not identified yet.,field team
7ccf54036b880f5a80f0e23f0e6b1ce7,SPE-03,species,info,uuid:9ec95900-d4e8-4825-be75-07834b98cc6c,uuid:9ec95900-d4e8-4825-be75-07834b98cc6c/observations/quadrat_repeat[1],SavMon_LW_Plot_19,2026-05-22,Grace_Achieng,herb_024,Quadrat 1: herb_024 is not identified yet.,field team
dacdc9fd343d756ddb03dfcb627f7da8,SPE-03,species,info,uuid:9ec95900-d4e8-4825-be75-07834b98cc6c,uuid:9ec95900-d4e8-4825-be75-07834b98cc6c/observations/quadrat_repeat[3],SavMon_LW_Plot_19,2026-05-22,Grace_Achieng,herb_029,Quadrat 3: herb_029 is not identified yet.,field team
a3231a78d1b4ce6ee689b1a37e1961f9,SPE-03,species,info,uuid:9ec95900-d4e8-4825-be75-07834b98cc6c,uuid:9ec95900-d4e8-4825-be75-07834b98cc6c/observations/quadrat_repeat[6],SavMon_LW_Plot_19,2026-05-22,Grace_Achieng,herb_024,Quadrat 6: herb_024 is not identified yet.,field team
f46996e90bf32e6e7e0aadebb2ec9a9d,SPE-03,species,info,uuid:9ec95900-d4e8-4825-be75-07834b98cc6c,uuid:9ec95900-d4e8-4825-be75-07834b98cc6c/observations/quadrat_repeat[8],SavMon_LW_Plot_19,2026-05-22,Grace_Achieng,herb_024,Quadrat 8: herb_024 is not identified yet.,field team
e65f2cd1cde7b9a38adb862fe401ae5e,SPE-03,species,info,uuid:9ec95900-d4e8-4825-be75-07834b98cc6c,uuid:9ec95900-d4e8-4825-be75-07834b98cc6c/observations/quadrat_repeat[17],SavMon_LW_Plot_19,2026-05-22,Grace_Achieng,herb_034,Quadrat 17: herb_034 is not identified yet.,field team
b8d7a63bee0135a32d1c1785b8a7b05d,SPE-03,species,info,uuid:c803a008-7014-4a4e-a485-68e1d90d767c,uuid:c803a008-7014-4a4e-a485-68e1d90d767c/observations/quadrat_repeat[2],SavMon_LW_Plot_27,2026-05-22,Grace_Achieng,herb_007,Quadrat 2: herb_007 is not identified yet.,field team
cdb76e60bccf8aac1e2109db7be29de2,SPE-03,species,info,uuid:c803a008-7014-4a4e-a485-68e1d90d767c,uuid:c803a008-7014-4a4e-a485-68e1d90d767c/observations/quadrat_repeat[8],SavMon_LW_Plot_27,2026-05-22,Grace_Achieng,herb_034,Quadrat 8: herb_034 is not identified yet.,field team
8b38310fd7531f24537954b3f3bad9f9,SPE-03,species,info,uuid:c803a008-7014-4a4e-a485-68e1d90d767c,uuid:c803a008-7014-4a4e-a485-68e1d90d767c/observations/quadrat_repeat[10],SavMon_LW_Plot_27,2026-05-22,Grace_Achieng,herb_011,Quadrat 10: herb_011 is not identified yet.,field team
8fc1cab0cfd4b19ccea73cdfe53639cb,SPE-03,species,info,uuid:c803a008-7014-4a4e-a485-68e1d90d767c,uuid:c803a008-7014-4a4e-a485-68e1d90d767c/observations/quadrat_repeat[11],SavMon_LW_Plot_27,2026-05-22,Grace_Achieng,herb_072,Quadrat 11: herb_072 is not identified yet.,field team
bf827ce42a2a27e1990b1264a70c9582,SPE-03,species,info,uuid:c803a008-7014-4a4e-a485-68e1d90d767c,uuid:c803a008-7014-4a4e-a485-68e1d90d767c/observations/quadrat_repeat[12],SavMon_LW_Plot_27,2026-05-22,Grace_Achieng,herb_072,Quadrat 12: herb_072 is not identified yet.,field team
6ce114fc21c6187ebb63485f744c6e30,SPE-03,species,info,uuid:c803a008-7014-4a4e-a485-68e1d90d767c,uuid:c803a008-7014-4a4e-a485-68e1d90d767c/observations/quadrat_repeat[14],SavMon_LW_Plot_27,2026-05-22,Grace_Achieng,herb_035,Quadrat 14: herb_035 is not identified yet.,field team
31705fb33bd544a6975e1ce3070a4a26,SPE-03,species,info,uuid:c803a008-7014-4a4e-a485-68e1d90d767c,uuid:c803a008-7014-4a4e-a485-68e1d90d767c/observations/quadrat_repeat[14],SavMon_LW_Plot_27,2026-05-22,Grace_Achieng,herb_072,Quadrat 14: herb_072 is not identified yet.,field team
df12154b73cb14775f05ebb062409bce,SPE-03,species,info,uuid:c803a008-7014-4a4e-a485-68e1d90d767c,uuid:c803a008-7014-4a4e-a485-68e1d90d767c/observations/quadrat_repeat[16],SavMon_LW_Plot_27,2026-05-22,Grace_Achieng,herb_072,Quadrat 16: herb_072 is not identified yet.,field team
d452735a7f6d21e2da13afaa6657d979,SPE-03,species,info,uuid:c803a008-7014-4a4e-a485-68e1d90d767c,uuid:c803a008-7014-4a4e-a485-68e1d90d767c/observations/quadrat_repeat[17],SavMon_LW_Plot_27,2026-05-22,Grace_Achieng,herb_034,Quadrat 17: herb_034 is not identified yet.,field team
c74aa83bea6ae65f3338626e4a2a3922,SPE-03,species,info,uuid:c803a008-7014-4a4e-a485-68e1d90d767c,uuid:c803a008-7014-4a4e-a485-68e1d90d767c/observations/quadrat_repeat[17],SavMon_LW_Plot_27,2026-05-22,Grace_Achieng,herb_035,Quadrat 17: herb_035 is not identified yet.,field team
259948bdb712a92843e32165d0a28b62,SPE-03,species,info,uuid:c803a008-7014-4a4e-a485-68e1d90d767c,uuid:c803a008-7014-4a4e-a485-68e1d90d767c/observations/quadrat_repeat[18],SavMon_LW_Plot_27,2026-05-22,Grace_Achieng,herb_035,Quadrat 18: herb_035 is not identified yet.,field team
ba10db236c4c6c186f2339bc405527e9,SPE-03,species,info,uuid:c803a008-7014-4a4e-a485-68e1d90d767c,uuid:c803a008-7014-4a4e-a485-68e1d90d767c/observations/quadrat_repeat[18],SavMon_LW_Plot_27,2026-05-22,Grace_Achieng,herb_072,Quadrat 18: herb_072 is not identified yet.,field team
302e641445e77ff55a6363190859097e,SPE-03,species,info,uuid:2439f628-f86d-4770-98d1-ae7b99a4d91f,uuid:2439f628-f86d-4770-98d1-ae7b99a4d91f/observations/quadrat_repeat[1],SavMon_LW_Plot_26,2026-05-22,Grace_Achieng,herb_016,Quadrat 1: herb_016 is not identified yet.,field team
d83aa9308269b2939e8a1f7eb0c1ae11,SPE-03,species,info,uuid:2439f628-f86d-4770-98d1-ae7b99a4d91f,uuid:2439f628-f86d-4770-98d1-ae7b99a4d91f/observations/quadrat_repeat[2],SavMon_LW_Plot_26,2026-05-22,Grace_Achieng,herb_010,Quadrat 2: herb_010 is not identified yet.,field team
26e5c9d86ed7c152b2be3f0445c12576,SPE-03,species,info,uuid:2439f628-f86d-4770-98d1-ae7b99a4d91f,uuid:2439f628-f86d-4770-98d1-ae7b99a4d91f/observations/quadrat_repeat[3],SavMon_LW_Plot_26,2026-05-22,Grace_Achieng,herb_010,Quadrat 3: herb_010 is not identified yet.,field team
17d366d57cd8f4d5ff6f1a601f6f4fda,SPE-03,species,info,uuid:2439f628-f86d-4770-98d1-ae7b99a4d91f,uuid:2439f628-f86d-4770-98d1-ae7b99a4d91f/observations/quadrat_repeat[4],SavMon_LW_Plot_26,2026-05-22,Grace_Achieng,herb_007,Quadrat 4: herb_007 is not identified yet.,field team
5d7aa62a9043615550b0d64888084ddf,SPE-03,species,info,uuid:2439f628-f86d-4770-98d1-ae7b99a4d91f,uuid:2439f628-f86d-4770-98d1-ae7b99a4d91f/observations/quadrat_repeat[4],SavMon_LW_Plot_26,2026-05-22,Grace_Achieng,herb_016,Quadrat 4: herb_016 is not identified yet.,field team
3ef33e1411dbe90fdfdb96cd320fdb51,SPE-03,species,info,uuid:2439f628-f86d-4770-98d1-ae7b99a4d91f,uuid:2439f628-f86d-4770-98d1-ae7b99a4d91f/observations/quadrat_repeat[4],SavMon_LW_Plot_26,2026-05-22,Grace_Achieng,herb_068,Quadrat 4: herb_068 is not identified yet.,field team
e6da0086c9958f382c52ad06315a68ba,SPE-03,species,info,uuid:2439f628-f86d-4770-98d1-ae7b99a4d91f,uuid:2439f628-f86d-4770-98d1-ae7b99a4d91f/observations/quadrat_repeat[6],SavMon_LW_Plot_26,2026-05-22,Grace_Achieng,herb_070,Quadrat 6: herb_070 is not identified yet.,field team
bb3feb594fba56567d3de48aa182d21c,SPE-03,species,info,uuid:2439f628-f86d-4770-98d1-ae7b99a4d91f,uuid:2439f628-f86d-4770-98d1-ae7b99a4d91f/observations/quadrat_repeat[8],SavMon_LW_Plot_26,2026-05-22,Grace_Achieng,herb_011,Quadrat 8: herb_011 is not identified yet.,field team
7942bbd4d0ccf3407ca043485d3db04d,SPE-03,species,info,uuid:2439f628-f86d-4770-98d1-ae7b99a4d91f,uuid:2439f628-f86d-4770-98d1-ae7b99a4d91f/observations/quadrat_repeat[9],SavMon_LW_Plot_26,2026-05-22,Grace_Achieng,herb_010,Quadrat 9: herb_010 is not identified yet.,field team
473660205d1ae5d82336c1d877aabf72,SPE-03,species,info,uuid:2439f628-f86d-4770-98d1-ae7b99a4d91f,uuid:2439f628-f86d-4770-98d1-ae7b99a4d91f/observations/quadrat_repeat[9],SavMon_LW_Plot_26,2026-05-22,Grace_Achieng,herb_071,Quadrat 9: herb_071 is not identified yet.,field team
bef5e2010f2702a2a3fbb0421753d2d9,SPE-03,species,info,uuid:2439f628-f86d-4770-98d1-ae7b99a4d91f,uuid:2439f628-f86d-4770-98d1-ae7b99a4d91f/observations/quadrat_repeat[10],SavMon_LW_Plot_26,2026-05-22,Grace_Achieng,herb_007,Quadrat 10: herb_007 is not identified yet.,field team
91b76e2464f5c4d666a394a649277948,SPE-03,species,info,uuid:2439f628-f86d-4770-98d1-ae7b99a4d91f,uuid:2439f628-f86d-4770-98d1-ae7b99a4d91f/observations/quadrat_repeat[10],SavMon_LW_Plot_26,2026-05-22,Grace_Achieng,herb_071,Quadrat 10: herb_071 is not identified yet.,field team
ec7dae81a316d257e532dff7bc39ba8c,SPE-03,species,info,uuid:2439f628-f86d-4770-98d1-ae7b99a4d91f,uuid:2439f628-f86d-4770-98d1-ae7b99a4d91f/observations/quadrat_repeat[12],SavMon_LW_Plot_26,2026-05-22,Grace_Achieng,herb_010,Quadrat 12: herb_010 is not identified yet.,field team
eaf9cce64d32c90f6e324b7327f4a94c,SPE-03,species,info,uuid:2439f628-f86d-4770-98d1-ae7b99a4d91f,uuid:2439f628-f86d-4770-98d1-ae7b99a4d91f/observations/quadrat_repeat[13],SavMon_LW_Plot_26,2026-05-22,Grace_Achieng,herb_010,Quadrat 13: herb_010 is not identified yet.,field team
e8cbe926f2bfcb62ebb0b6d7ca647f48,SPE-03,species,info,uuid:2439f628-f86d-4770-98d1-ae7b99a4d91f,uuid:2439f628-f86d-4770-98d1-ae7b99a4d91f/observations/quadrat_repeat[13],SavMon_LW_Plot_26,2026-05-22,Grace_Achieng,herb_035,Quadrat 13: herb_035 is not identified yet.,field team
75b55dfc7b7541bb369dfe3c41aee528,SPE-03,species,info,uuid:2439f628-f86d-4770-98d1-ae7b99a4d91f,uuid:2439f628-f86d-4770-98d1-ae7b99a4d91f/observations/quadrat_repeat[13],SavMon_LW_Plot_26,2026-05-22,Grace_Achieng,herb_038,Quadrat 13: herb_038 is not identified yet.,field team
69e519fc16e0425a3d180277c59a62a2,SPE-03,species,info,uuid:2439f628-f86d-4770-98d1-ae7b99a4d91f,uuid:2439f628-f86d-4770-98d1-ae7b99a4d91f/observations/quadrat_repeat[14],SavMon_LW_Plot_26,2026-05-22,Grace_Achieng,herb_035,Quadrat 14: herb_035 is not identified yet.,field team
dc23ed0e7470576b088de6f2a9c8ed95,SPE-03,species,info,uuid:2439f628-f86d-4770-98d1-ae7b99a4d91f,uuid:2439f628-f86d-4770-98d1-ae7b99a4d91f/observations/quadrat_repeat[14],SavMon_LW_Plot_26,2026-05-22,Grace_Achieng,herb_068,Quadrat 14: herb_068 is not identified yet.,field team
500c83254d796651486f9c2a00b3b686,SPE-03,species,info,uuid:2439f628-f86d-4770-98d1-ae7b99a4d91f,uuid:2439f628-f86d-4770-98d1-ae7b99a4d91f/observations/quadrat_repeat[15],SavMon_LW_Plot_26,2026-05-22,Grace_Achieng,herb_035,Quadrat 15: herb_035 is not identified yet.,field team
0a10a70bf4ad25281bf3f7121514c129,SPE-03,species,info,uuid:2439f628-f86d-4770-98d1-ae7b99a4d91f,uuid:2439f628-f86d-4770-98d1-ae7b99a4d91f/observations/quadrat_repeat[16],SavMon_LW_Plot_26,2026-05-22,Grace_Achieng,herb_068,Quadrat 16: herb_068 is not identified yet.,field team
c631a7f65ecafa690d98556c654a5aba,SPE-03,species,info,uuid:2439f628-f86d-4770-98d1-ae7b99a4d91f,uuid:2439f628-f86d-4770-98d1-ae7b99a4d91f/observations/quadrat_repeat[17],SavMon_LW_Plot_26,2026-05-22,Grace_Achieng,herb_031,Quadrat 17: herb_031 is not identified yet.,field team
11b1c104c9b9223db49b175ae34dfee9,SPE-03,species,info,uuid:2439f628-f86d-4770-98d1-ae7b99a4d91f,uuid:2439f628-f86d-4770-98d1-ae7b99a4d91f/observations/quadrat_repeat[18],SavMon_LW_Plot_26,2026-05-22,Grace_Achieng,herb_010,Quadrat 18: herb_010 is not identified yet.,field team
8365c9f514df67bf221bd5096b902b23,SPE-03,species,info,uuid:2439f628-f86d-4770-98d1-ae7b99a4d91f,uuid:2439f628-f86d-4770-98d1-ae7b99a4d91f/observations/quadrat_repeat[18],SavMon_LW_Plot_26,2026-05-22,Grace_Achieng,herb_054,Quadrat 18: herb_054 is not identified yet.,field team
de4cbfaef1c4e3a2ccc117098fed7965,SPE-03,species,info,uuid:2439f628-f86d-4770-98d1-ae7b99a4d91f,uuid:2439f628-f86d-4770-98d1-ae7b99a4d91f/observations/quadrat_repeat[19],SavMon_LW_Plot_26,2026-05-22,Grace_Achieng,herb_010,Quadrat 19: herb_010 is not identified yet.,field team
ceb0a5a20ab053ef7eedf69171e997c0,SPE-03,species,info,uuid:2439f628-f86d-4770-98d1-ae7b99a4d91f,uuid:2439f628-f86d-4770-98d1-ae7b99a4d91f/observations/quadrat_repeat[20],SavMon_LW_Plot_26,2026-05-22,Grace_Achieng,herb_010,Quadrat 20: herb_010 is not identified yet.,field team
86f13cc78c1dcc419cee1e5cf25524b3,SPE-03,species,info,uuid:5d242bf2-8888-4eb0-9082-431482177425,uuid:5d242bf2-8888-4eb0-9082-431482177425/observations/quadrat_repeat[1],SavMon_LW_Plot_05,2026-05-22,Grace_Achieng,herb_024,Quadrat 1: herb_024 is not identified yet.,field team
cc1f56940b3f7b8858aeffd86a961163,SPE-03,species,info,uuid:5d242bf2-8888-4eb0-9082-431482177425,uuid:5d242bf2-8888-4eb0-9082-431482177425/observations/quadrat_repeat[3],SavMon_LW_Plot_05,2026-05-22,Grace_Achieng,herb_024,Quadrat 3: herb_024 is not identified yet.,field team
514ab3da5543f0ca0b8ec86eb10f9007,SPE-03,species,info,uuid:5d242bf2-8888-4eb0-9082-431482177425,uuid:5d242bf2-8888-4eb0-9082-431482177425/observations/quadrat_repeat[5],SavMon_LW_Plot_05,2026-05-22,Grace_Achieng,herb_055,Quadrat 5: herb_055 is not identified yet.,field team
1051b5cea31ca21806a2ab7722a91750,SPE-03,species,info,uuid:5d242bf2-8888-4eb0-9082-431482177425,uuid:5d242bf2-8888-4eb0-9082-431482177425/observations/quadrat_repeat[8],SavMon_LW_Plot_05,2026-05-22,Grace_Achieng,herb_024,Quadrat 8: herb_024 is not identified yet.,field team
baf06ea5bd0c91015e4a9b53f06d7bc4,SPE-03,species,info,uuid:5d242bf2-8888-4eb0-9082-431482177425,uuid:5d242bf2-8888-4eb0-9082-431482177425/observations/quadrat_repeat[9],SavMon_LW_Plot_05,2026-05-22,Grace_Achieng,herb_024,Quadrat 9: herb_024 is not identified yet.,field team
a1afbba930fb222f92ebb8b97ead22b8,SPE-03,species,info,uuid:5d242bf2-8888-4eb0-9082-431482177425,uuid:5d242bf2-8888-4eb0-9082-431482177425/observations/quadrat_repeat[13],SavMon_LW_Plot_05,2026-05-22,Grace_Achieng,herb_024,Quadrat 13: herb_024 is not identified yet.,field team
f024966d8d538fadc30a3da78ae11c68,SPE-03,species,info,uuid:5d242bf2-8888-4eb0-9082-431482177425,uuid:5d242bf2-8888-4eb0-9082-431482177425/observations/quadrat_repeat[17],SavMon_LW_Plot_05,2026-05-22,Grace_Achieng,herb_024,Quadrat 17: herb_024 is not identified yet.,field team
7f12eac1190a912030669e428d389dc0,SPE-03,species,info,uuid:5d242bf2-8888-4eb0-9082-431482177425,uuid:5d242bf2-8888-4eb0-9082-431482177425/observations/quadrat_repeat[17],SavMon_LW_Plot_05,2026-05-22,Grace_Achieng,herb_066,Quadrat 17: herb_066 is not identified yet.,field team
946abbeababc5e63ec3d144aff70f372,SPE-03,species,info,uuid:5d242bf2-8888-4eb0-9082-431482177425,uuid:5d242bf2-8888-4eb0-9082-431482177425/observations/quadrat_repeat[18],SavMon_LW_Plot_05,2026-05-22,Grace_Achieng,herb_066,Quadrat 18: herb_066 is not identified yet.,field team
ba054b7f168c12b024fd75da19008671,SPE-03,species,info,uuid:5d242bf2-8888-4eb0-9082-431482177425,uuid:5d242bf2-8888-4eb0-9082-431482177425/observations/quadrat_repeat[19],SavMon_LW_Plot_05,2026-05-22,Grace_Achieng,herb_064,Quadrat 19: herb_064 is not identified yet.,field team
bac48b5d005bb1c9ca9650c681e41772,SPE-03,species,info,uuid:5d242bf2-8888-4eb0-9082-431482177425,uuid:5d242bf2-8888-4eb0-9082-431482177425/observations/quadrat_repeat[20],SavMon_LW_Plot_05,2026-05-22,Grace_Achieng,herb_024,Quadrat 20: herb_024 is not identified yet.,field team
b11d3b08b529eed37c831e8d5957891c,SPE-03,species,info,uuid:95cde0b4-8b49-4f5d-a3c7-6765e1c06466,uuid:95cde0b4-8b49-4f5d-a3c7-6765e1c06466/observations/quadrat_repeat[1],SavMon_LW_Plot_09,2026-05-21,Grace_Achieng,herb_024,Quadrat 1: herb_024 is not identified yet.,field team
16047f229bbdd1afdf81e9b2718cee37,SPE-03,species,info,uuid:95cde0b4-8b49-4f5d-a3c7-6765e1c06466,uuid:95cde0b4-8b49-4f5d-a3c7-6765e1c06466/observations/quadrat_repeat[1],SavMon_LW_Plot_09,2026-05-21,Grace_Achieng,herb_056,Quadrat 1: herb_056 is not identified yet.,field team
74e338b339a9be0cd660a16bab2a22d9,SPE-03,species,info,uuid:95cde0b4-8b49-4f5d-a3c7-6765e1c06466,uuid:95cde0b4-8b49-4f5d-a3c7-6765e1c06466/observations/quadrat_repeat[4],SavMon_LW_Plot_09,2026-05-21,Grace_Achieng,herb_054,Quadrat 4: herb_054 is not identified yet.,field team
c2c27bc82bf8979b05b3871f38a2603c,SPE-03,species,info,uuid:95cde0b4-8b49-4f5d-a3c7-6765e1c06466,uuid:95cde0b4-8b49-4f5d-a3c7-6765e1c06466/observations/quadrat_repeat[5],SavMon_LW_Plot_09,2026-05-21,Grace_Achieng,herb_054,Quadrat 5: herb_054 is not identified yet.,field team
d7e423c8a1784016dd99eaf1706e85e6,SPE-03,species,info,uuid:95cde0b4-8b49-4f5d-a3c7-6765e1c06466,uuid:95cde0b4-8b49-4f5d-a3c7-6765e1c06466/observations/quadrat_repeat[6],SavMon_LW_Plot_09,2026-05-21,Grace_Achieng,herb_058,Quadrat 6: herb_058 is not identified yet.,field team
949b875175ac9cfd72ed42515c21a86e,SPE-03,species,info,uuid:95cde0b4-8b49-4f5d-a3c7-6765e1c06466,uuid:95cde0b4-8b49-4f5d-a3c7-6765e1c06466/observations/quadrat_repeat[8],SavMon_LW_Plot_09,2026-05-21,Grace_Achieng,herb_007,Quadrat 8: herb_007 is not identified yet.,field team
4d523e210e1f1bbdf3676cde88f0db8b,SPE-03,species,info,uuid:95cde0b4-8b49-4f5d-a3c7-6765e1c06466,uuid:95cde0b4-8b49-4f5d-a3c7-6765e1c06466/observations/quadrat_repeat[8],SavMon_LW_Plot_09,2026-05-21,Grace_Achieng,herb_054,Quadrat 8: herb_054 is not identified yet.,field team
5c28be5306a56b34ddd51b2c3818536c,SPE-03,species,info,uuid:95cde0b4-8b49-4f5d-a3c7-6765e1c06466,uuid:95cde0b4-8b49-4f5d-a3c7-6765e1c06466/observations/quadrat_repeat[9],SavMon_LW_Plot_09,2026-05-21,Grace_Achieng,herb_033,Quadrat 9: herb_033 is not identified yet.,field team
130917c8f9a8e451f6fd732e95ddceb0,SPE-03,species,info,uuid:95cde0b4-8b49-4f5d-a3c7-6765e1c06466,uuid:95cde0b4-8b49-4f5d-a3c7-6765e1c06466/observations/quadrat_repeat[10],SavMon_LW_Plot_09,2026-05-21,Grace_Achieng,herb_057,Quadrat 10: herb_057 is not identified yet.,field team
5fe36004485b58ffba5ed5a87a154718,SPE-03,species,info,uuid:95cde0b4-8b49-4f5d-a3c7-6765e1c06466,uuid:95cde0b4-8b49-4f5d-a3c7-6765e1c06466/observations/quadrat_repeat[11],SavMon_LW_Plot_09,2026-05-21,Grace_Achieng,herb_054,Quadrat 11: herb_054 is not identified yet.,field team
65acce1b1f34e5eda22eac479f34eac2,SPE-03,species,info,uuid:95cde0b4-8b49-4f5d-a3c7-6765e1c06466,uuid:95cde0b4-8b49-4f5d-a3c7-6765e1c06466/observations/quadrat_repeat[11],SavMon_LW_Plot_09,2026-05-21,Grace_Achieng,herb_057,Quadrat 11: herb_057 is not identified yet.,field team
60bae0b8d772bdaaf530932ef5adb050,SPE-03,species,info,uuid:95cde0b4-8b49-4f5d-a3c7-6765e1c06466,uuid:95cde0b4-8b49-4f5d-a3c7-6765e1c06466/observations/quadrat_repeat[12],SavMon_LW_Plot_09,2026-05-21,Grace_Achieng,herb_049,Quadrat 12: herb_049 is not identified yet.,field team
e1439e4fab82afa4902330978cf6b2f4,SPE-03,species,info,uuid:95cde0b4-8b49-4f5d-a3c7-6765e1c06466,uuid:95cde0b4-8b49-4f5d-a3c7-6765e1c06466/observations/quadrat_repeat[12],SavMon_LW_Plot_09,2026-05-21,Grace_Achieng,herb_054,Quadrat 12: herb_054 is not identified yet.,field team
f94d658599756fbfb6438e5bda34d0ac,SPE-03,species,info,uuid:95cde0b4-8b49-4f5d-a3c7-6765e1c06466,uuid:95cde0b4-8b49-4f5d-a3c7-6765e1c06466/observations/quadrat_repeat[12],SavMon_LW_Plot_09,2026-05-21,Grace_Achieng,herb_057,Quadrat 12: herb_057 is not identified yet.,field team
24ed09034d1c4406e362033bba79c887,SPE-03,species,info,uuid:95cde0b4-8b49-4f5d-a3c7-6765e1c06466,uuid:95cde0b4-8b49-4f5d-a3c7-6765e1c06466/observations/quadrat_repeat[13],SavMon_LW_Plot_09,2026-05-21,Grace_Achieng,herb_054,Quadrat 13: herb_054 is not identified yet.,field team
0fb1c9597bcb542b62a3fc19935afc29,SPE-03,species,info,uuid:95cde0b4-8b49-4f5d-a3c7-6765e1c06466,uuid:95cde0b4-8b49-4f5d-a3c7-6765e1c06466/observations/quadrat_repeat[14],SavMon_LW_Plot_09,2026-05-21,Grace_Achieng,herb_057,Quadrat 14: herb_057 is not identified yet.,field team
2f5f8b6aeb4437ffea7a747a90e5f615,SPE-03,species,info,uuid:95cde0b4-8b49-4f5d-a3c7-6765e1c06466,uuid:95cde0b4-8b49-4f5d-a3c7-6765e1c06466/observations/quadrat_repeat[15],SavMon_LW_Plot_09,2026-05-21,Grace_Achieng,herb_054,Quadrat 15: herb_054 is not identified yet.,field team
c371998f85df6d6bfce2b0dfc5262316,SPE-03,species,info,uuid:95cde0b4-8b49-4f5d-a3c7-6765e1c06466,uuid:95cde0b4-8b49-4f5d-a3c7-6765e1c06466/observations/quadrat_repeat[15],SavMon_LW_Plot_09,2026-05-21,Grace_Achieng,herb_060,Quadrat 15: herb_060 is not identified yet.,field team
686fccfab4acefb9e17ce05348ca1068,SPE-03,species,info,uuid:95cde0b4-8b49-4f5d-a3c7-6765e1c06466,uuid:95cde0b4-8b49-4f5d-a3c7-6765e1c06466/observations/quadrat_repeat[15],SavMon_LW_Plot_09,2026-05-21,Grace_Achieng,herb_061,Quadrat 15: herb_061 is not identified yet.,field team
d54bf5d64209bb7015bd299e06f5627d,SPE-03,species,info,uuid:95cde0b4-8b49-4f5d-a3c7-6765e1c06466,uuid:95cde0b4-8b49-4f5d-a3c7-6765e1c06466/observations/quadrat_repeat[18],SavMon_LW_Plot_09,2026-05-21,Grace_Achieng,herb_054,Quadrat 18: herb_054 is not identified yet.,field team
391d8c154b584e5efe89b52a14b15a7f,SPE-03,species,info,uuid:95cde0b4-8b49-4f5d-a3c7-6765e1c06466,uuid:95cde0b4-8b49-4f5d-a3c7-6765e1c06466/observations/quadrat_repeat[19],SavMon_LW_Plot_09,2026-05-21,Grace_Achieng,herb_054,Quadrat 19: herb_054 is not identified yet.,field team
f56fc3932641c43dc422cdeb72f64fa8,SPE-03,species,info,uuid:95cde0b4-8b49-4f5d-a3c7-6765e1c06466,uuid:95cde0b4-8b49-4f5d-a3c7-6765e1c06466/observations/quadrat_repeat[20],SavMon_LW_Plot_09,2026-05-21,Grace_Achieng,herb_054,Quadrat 20: herb_054 is not identified yet.,field team
e1a1d0aa5b3b653ba3663410f607808f,SPE-03,species,info,uuid:fdf5f121-0a7f-4769-85bb-4717e0361eb4,uuid:fdf5f121-0a7f-4769-85bb-4717e0361eb4/observations/quadrat_repeat[6],SavMon_LW_Plot_14,2026-05-21,Grace_Achieng,herb_045,Quadrat 6: herb_045 is not identified yet.,field team
400117424d710abfba81575c0fda1e90,SPE-03,species,info,uuid:fdf5f121-0a7f-4769-85bb-4717e0361eb4,uuid:fdf5f121-0a7f-4769-85bb-4717e0361eb4/observations/quadrat_repeat[6],SavMon_LW_Plot_14,2026-05-21,Grace_Achieng,herb_052,Quadrat 6: herb_052 is not identified yet.,field team
737a8d8de1b3de4c53f2897b197612fc,SPE-03,species,info,uuid:fdf5f121-0a7f-4769-85bb-4717e0361eb4,uuid:fdf5f121-0a7f-4769-85bb-4717e0361eb4/observations/quadrat_repeat[7],SavMon_LW_Plot_14,2026-05-21,Grace_Achieng,herb_045,Quadrat 7: herb_045 is not identified yet.,field team
8759ebaf947beb022a9bae1465110695,SPE-03,species,info,uuid:fdf5f121-0a7f-4769-85bb-4717e0361eb4,uuid:fdf5f121-0a7f-4769-85bb-4717e0361eb4/observations/quadrat_repeat[10],SavMon_LW_Plot_14,2026-05-21,Grace_Achieng,herb_012,Quadrat 10: herb_012 is not identified yet.,field team
e1de124f9e59fd48cb00f682b643c24f,SPE-03,species,info,uuid:fdf5f121-0a7f-4769-85bb-4717e0361eb4,uuid:fdf5f121-0a7f-4769-85bb-4717e0361eb4/observations/quadrat_repeat[10],SavMon_LW_Plot_14,2026-05-21,Grace_Achieng,herb_054,Quadrat 10: herb_054 is not identified yet.,field team
885e51cd60f3b2a8ef36dec2ee8054fd,SPE-03,species,info,uuid:fdf5f121-0a7f-4769-85bb-4717e0361eb4,uuid:fdf5f121-0a7f-4769-85bb-4717e0361eb4/observations/quadrat_repeat[10],SavMon_LW_Plot_14,2026-05-21,Grace_Achieng,herb_055,Quadrat 10: herb_055 is not identified yet.,field team
483b6f8f0a5293e9cd16f893ba2a1ca7,SPE-03,species,info,uuid:fdf5f121-0a7f-4769-85bb-4717e0361eb4,uuid:fdf5f121-0a7f-4769-85bb-4717e0361eb4/observations/quadrat_repeat[13],SavMon_LW_Plot_14,2026-05-21,Grace_Achieng,herb_045,Quadrat 13: herb_045 is not identified yet.,field team
b83a5754f8d2d61c29f83db8264890dc,SPE-03,species,info,uuid:fdf5f121-0a7f-4769-85bb-4717e0361eb4,uuid:fdf5f121-0a7f-4769-85bb-4717e0361eb4/observations/quadrat_repeat[14],SavMon_LW_Plot_14,2026-05-21,Grace_Achieng,herb_053,Quadrat 14: herb_053 is not identified yet.,field team
9acd392359c7a4688f290f430e09dc3b,SPE-03,species,info,uuid:fdf5f121-0a7f-4769-85bb-4717e0361eb4,uuid:fdf5f121-0a7f-4769-85bb-4717e0361eb4/observations/quadrat_repeat[15],SavMon_LW_Plot_14,2026-05-21,Grace_Achieng,herb_012,Quadrat 15: herb_012 is not identified yet.,field team
540fa7bc0be5a581fde19a28d8dfc7ac,SPE-03,species,info,uuid:fdf5f121-0a7f-4769-85bb-4717e0361eb4,uuid:fdf5f121-0a7f-4769-85bb-4717e0361eb4/observations/quadrat_repeat[16],SavMon_LW_Plot_14,2026-05-21,Grace_Achieng,herb_045,Quadrat 16: herb_045 is not identified yet.,field team
e3b1f3889d7e595ab11f357dfed03dd7,SPE-03,species,info,uuid:fdf5f121-0a7f-4769-85bb-4717e0361eb4,uuid:fdf5f121-0a7f-4769-85bb-4717e0361eb4/observations/quadrat_repeat[19],SavMon_LW_Plot_14,2026-05-21,Grace_Achieng,herb_053,Quadrat 19: herb_053 is not identified yet.,field team
67427ac27c5beee962c23ee79006e435,SPE-03,species,info,uuid:fdf5f121-0a7f-4769-85bb-4717e0361eb4,uuid:fdf5f121-0a7f-4769-85bb-4717e0361eb4/observations/quadrat_repeat[20],SavMon_LW_Plot_14,2026-05-21,Grace_Achieng,herb_010,Quadrat 20: herb_010 is not identified yet.,field team
8259bdbd9eb7dd73a54f1a45978c5dbc,SPE-03,species,info,uuid:3865525f-1d45-40fc-83ca-7e30fafe6b54,uuid:3865525f-1d45-40fc-83ca-7e30fafe6b54/observations/quadrat_repeat[2],SavMon_LW_Plot_10,2026-05-21,Grace_Achieng,herb_045,Quadrat 2: herb_045 is not identified yet.,field team
20a8d25639044a25e3b466f5099d3af4,SPE-03,species,info,uuid:3865525f-1d45-40fc-83ca-7e30fafe6b54,uuid:3865525f-1d45-40fc-83ca-7e30fafe6b54/observations/quadrat_repeat[3],SavMon_LW_Plot_10,2026-05-21,Grace_Achieng,herb_045,Quadrat 3: herb_045 is not identified yet.,field team
861d5a97d3fbcce474d2a943be353635,SPE-03,species,info,uuid:3865525f-1d45-40fc-83ca-7e30fafe6b54,uuid:3865525f-1d45-40fc-83ca-7e30fafe6b54/observations/quadrat_repeat[3],SavMon_LW_Plot_10,2026-05-21,Grace_Achieng,herb_049,Quadrat 3: herb_049 is not identified yet.,field team
40fbff930d1b72d6edfe574bb408dec0,SPE-03,species,info,uuid:3865525f-1d45-40fc-83ca-7e30fafe6b54,uuid:3865525f-1d45-40fc-83ca-7e30fafe6b54/observations/quadrat_repeat[4],SavMon_LW_Plot_10,2026-05-21,Grace_Achieng,herb_024,Quadrat 4: herb_024 is not identified yet.,field team
41cd92382b263c0b86fdbb02771a0049,SPE-03,species,info,uuid:3865525f-1d45-40fc-83ca-7e30fafe6b54,uuid:3865525f-1d45-40fc-83ca-7e30fafe6b54/observations/quadrat_repeat[5],SavMon_LW_Plot_10,2026-05-21,Grace_Achieng,herb_045,Quadrat 5: herb_045 is not identified yet.,field team
d8fb5349fb0cfc96393776205b5ecc4a,SPE-03,species,info,uuid:3865525f-1d45-40fc-83ca-7e30fafe6b54,uuid:3865525f-1d45-40fc-83ca-7e30fafe6b54/observations/quadrat_repeat[5],SavMon_LW_Plot_10,2026-05-21,Grace_Achieng,herb_049,Quadrat 5: herb_049 is not identified yet.,field team
4c8b1f71906aa97f36e65ab15f6e0354,SPE-03,species,info,uuid:3865525f-1d45-40fc-83ca-7e30fafe6b54,uuid:3865525f-1d45-40fc-83ca-7e30fafe6b54/observations/quadrat_repeat[6],SavMon_LW_Plot_10,2026-05-21,Grace_Achieng,herb_024,Quadrat 6: herb_024 is not identified yet.,field team
23ed038df29684bf23a5a81c6ad8292f,SPE-03,species,info,uuid:3865525f-1d45-40fc-83ca-7e30fafe6b54,uuid:3865525f-1d45-40fc-83ca-7e30fafe6b54/observations/quadrat_repeat[6],SavMon_LW_Plot_10,2026-05-21,Grace_Achieng,herb_045,Quadrat 6: herb_045 is not identified yet.,field team
036140cfe50dd66b15c14fc2d27f81bf,SPE-03,species,info,uuid:3865525f-1d45-40fc-83ca-7e30fafe6b54,uuid:3865525f-1d45-40fc-83ca-7e30fafe6b54/observations/quadrat_repeat[7],SavMon_LW_Plot_10,2026-05-21,Grace_Achieng,herb_045,Quadrat 7: herb_045 is not identified yet.,field team
df45a0bcc875a7b649a9b8db46d06aac,SPE-03,species,info,uuid:3865525f-1d45-40fc-83ca-7e30fafe6b54,uuid:3865525f-1d45-40fc-83ca-7e30fafe6b54/observations/quadrat_repeat[8],SavMon_LW_Plot_10,2026-05-21,Grace_Achieng,herb_024,Quadrat 8: herb_024 is not identified yet.,field team
817a6fc37dc2d893c6b009f66d6d00ee,SPE-03,species,info,uuid:3865525f-1d45-40fc-83ca-7e30fafe6b54,uuid:3865525f-1d45-40fc-83ca-7e30fafe6b54/observations/quadrat_repeat[12],SavMon_LW_Plot_10,2026-05-21,Grace_Achieng,herb_024,Quadrat 12: herb_024 is not identified yet.,field team
72ec1f1bc046d831400b261d87b900d5,SPE-03,species,info,uuid:3865525f-1d45-40fc-83ca-7e30fafe6b54,uuid:3865525f-1d45-40fc-83ca-7e30fafe6b54/observations/quadrat_repeat[13],SavMon_LW_Plot_10,2026-05-21,Grace_Achieng,herb_045,Quadrat 13: herb_045 is not identified yet.,field team
1cbd869c15f4701a956257e7e1f098e7,SPE-03,species,info,uuid:3865525f-1d45-40fc-83ca-7e30fafe6b54,uuid:3865525f-1d45-40fc-83ca-7e30fafe6b54/observations/quadrat_repeat[13],SavMon_LW_Plot_10,2026-05-21,Grace_Achieng,herb_049,Quadrat 13: herb_049 is not identified yet.,field team
c8be2d2359cbd58554b78c57494e5ecf,SPE-03,species,info,uuid:3865525f-1d45-40fc-83ca-7e30fafe6b54,uuid:3865525f-1d45-40fc-83ca-7e30fafe6b54/observations/quadrat_repeat[14],SavMon_LW_Plot_10,2026-05-21,Grace_Achieng,herb_045,Quadrat 14: herb_045 is not identified yet.,field team
89745c6cfdc8cefc240ad328f352e6fc,SPE-03,species,info,uuid:3865525f-1d45-40fc-83ca-7e30fafe6b54,uuid:3865525f-1d45-40fc-83ca-7e30fafe6b54/observations/quadrat_repeat[14],SavMon_LW_Plot_10,2026-05-21,Grace_Achieng,herb_049,Quadrat 14: herb_049 is not identified yet.,field team
003d732e0ba9627f16df27b53c444fc2,SPE-03,species,info,uuid:3865525f-1d45-40fc-83ca-7e30fafe6b54,uuid:3865525f-1d45-40fc-83ca-7e30fafe6b54/observations/quadrat_repeat[15],SavMon_LW_Plot_10,2026-05-21,Grace_Achieng,herb_012,Quadrat 15: herb_012 is not identified yet.,field team
d03d8edd4dfaaf09a7bcdddd14494ee8,SPE-03,species,info,uuid:3865525f-1d45-40fc-83ca-7e30fafe6b54,uuid:3865525f-1d45-40fc-83ca-7e30fafe6b54/observations/quadrat_repeat[15],SavMon_LW_Plot_10,2026-05-21,Grace_Achieng,herb_024,Quadrat 15: herb_024 is not identified yet.,field team
9e23aa0a1b01f2e4cd79bf67f3bcab15,SPE-03,species,info,uuid:3865525f-1d45-40fc-83ca-7e30fafe6b54,uuid:3865525f-1d45-40fc-83ca-7e30fafe6b54/observations/quadrat_repeat[15],SavMon_LW_Plot_10,2026-05-21,Grace_Achieng,herb_045,Quadrat 15: herb_045 is not identified yet.,field team
05efe085b4fda4e8321a1d1b2ac17a63,SPE-03,species,info,uuid:3865525f-1d45-40fc-83ca-7e30fafe6b54,uuid:3865525f-1d45-40fc-83ca-7e30fafe6b54/observations/quadrat_repeat[17],SavMon_LW_Plot_10,2026-05-21,Grace_Achieng,herb_024,Quadrat 17: herb_024 is not identified yet.,field team
74a3f61e0532cfdd83dfdb98b6ed7811,SPE-03,species,info,uuid:3865525f-1d45-40fc-83ca-7e30fafe6b54,uuid:3865525f-1d45-40fc-83ca-7e30fafe6b54/observations/quadrat_repeat[17],SavMon_LW_Plot_10,2026-05-21,Grace_Achieng,herb_045,Quadrat 17: herb_045 is not identified yet.,field team
3850a830ac5d3bd4267a8d9403cd32ca,SPE-03,species,info,uuid:3865525f-1d45-40fc-83ca-7e30fafe6b54,uuid:3865525f-1d45-40fc-83ca-7e30fafe6b54/observations/quadrat_repeat[18],SavMon_LW_Plot_10,2026-05-21,Grace_Achieng,herb_045,Quadrat 18: herb_045 is not identified yet.,field team
015f037aeecb0d25109e24f6ab88e950,SPE-03,species,info,uuid:c17516f9-53dd-4fda-b4e6-e257068198b9,uuid:c17516f9-53dd-4fda-b4e6-e257068198b9/observations/quadrat_repeat[4],SavMon_LW_Plot_30,2026-05-21,Grace_Achieng,herb_044,Quadrat 4: herb_044 is not identified yet.,field team
158ea1920e80b5b399307a1d2acbdaf2,SPE-03,species,info,uuid:c17516f9-53dd-4fda-b4e6-e257068198b9,uuid:c17516f9-53dd-4fda-b4e6-e257068198b9/observations/quadrat_repeat[7],SavMon_LW_Plot_30,2026-05-21,Grace_Achieng,herb_010,Quadrat 7: herb_010 is not identified yet.,field team
a583fe2c8c930af65b237508479f95ca,SPE-03,species,info,uuid:c17516f9-53dd-4fda-b4e6-e257068198b9,uuid:c17516f9-53dd-4fda-b4e6-e257068198b9/observations/quadrat_repeat[8],SavMon_LW_Plot_30,2026-05-21,Grace_Achieng,herb_010,Quadrat 8: herb_010 is not identified yet.,field team
00508f5c75c9aa4542519c36811012ab,SPE-03,species,info,uuid:c17516f9-53dd-4fda-b4e6-e257068198b9,uuid:c17516f9-53dd-4fda-b4e6-e257068198b9/observations/quadrat_repeat[8],SavMon_LW_Plot_30,2026-05-21,Grace_Achieng,herb_012,Quadrat 8: herb_012 is not identified yet.,field team
40431865a34b270a37e5351e2cb82f87,SPE-03,species,info,uuid:c17516f9-53dd-4fda-b4e6-e257068198b9,uuid:c17516f9-53dd-4fda-b4e6-e257068198b9/observations/quadrat_repeat[13],SavMon_LW_Plot_30,2026-05-21,Grace_Achieng,herb_045,Quadrat 13: herb_045 is not identified yet.,field team
9c0a309cf09c72436e8debd95d7bdada,SPE-03,species,info,uuid:c17516f9-53dd-4fda-b4e6-e257068198b9,uuid:c17516f9-53dd-4fda-b4e6-e257068198b9/observations/quadrat_repeat[15],SavMon_LW_Plot_30,2026-05-21,Grace_Achieng,herb_010,Quadrat 15: herb_010 is not identified yet.,field team
f90f5821b45e89a639203fad8f629d7c,SPE-03,species,info,uuid:c17516f9-53dd-4fda-b4e6-e257068198b9,uuid:c17516f9-53dd-4fda-b4e6-e257068198b9/observations/quadrat_repeat[15],SavMon_LW_Plot_30,2026-05-21,Grace_Achieng,herb_045,Quadrat 15: herb_045 is not identified yet.,field team
b2fa1635b9c17cd121ab9d85b10df6fe,SPE-03,species,info,uuid:c17516f9-53dd-4fda-b4e6-e257068198b9,uuid:c17516f9-53dd-4fda-b4e6-e257068198b9/observations/quadrat_repeat[16],SavMon_LW_Plot_30,2026-05-21,Grace_Achieng,herb_042,Quadrat 16: herb_042 is not identified yet.,field team
77e6518f14467f3c28ec96fbe8cc575b,SPE-03,species,info,uuid:c17516f9-53dd-4fda-b4e6-e257068198b9,uuid:c17516f9-53dd-4fda-b4e6-e257068198b9/observations/quadrat_repeat[18],SavMon_LW_Plot_30,2026-05-21,Grace_Achieng,herb_029,Quadrat 18: herb_029 is not identified yet.,field team
0b02f2cdcbe6426c84f41d2eaa88ce14,SPE-03,species,info,uuid:c17516f9-53dd-4fda-b4e6-e257068198b9,uuid:c17516f9-53dd-4fda-b4e6-e257068198b9/observations/quadrat_repeat[18],SavMon_LW_Plot_30,2026-05-21,Grace_Achieng,herb_044,Quadrat 18: herb_044 is not identified yet.,field team
909ba27bc82c71424e141a9e3fae6626,SPE-03,species,info,uuid:c17516f9-53dd-4fda-b4e6-e257068198b9,uuid:c17516f9-53dd-4fda-b4e6-e257068198b9/observations/quadrat_repeat[19],SavMon_LW_Plot_30,2026-05-21,Grace_Achieng,herb_043,Quadrat 19: herb_043 is not identified yet.,field team
4685099dbe10055d85d8e98f86b027b3,SPE-03,species,info,uuid:967cb42c-f21a-4ba6-92be-81cd6d2b0e8d,uuid:967cb42c-f21a-4ba6-92be-81cd6d2b0e8d/observations/quadrat_repeat[1],SavMon_LW_Plot_03,2026-05-20,Samuel_Kiprotich,herb_010,Quadrat 1: herb_010 is not identified yet.,field team
22b5184c207c53dc45f135d26902c616,SPE-03,species,info,uuid:967cb42c-f21a-4ba6-92be-81cd6d2b0e8d,uuid:967cb42c-f21a-4ba6-92be-81cd6d2b0e8d/observations/quadrat_repeat[1],SavMon_LW_Plot_03,2026-05-20,Samuel_Kiprotich,herb_026,Quadrat 1: herb_026 is not identified yet.,field team
42858d90bdf782aa7a277a5bbd269b56,SPE-03,species,info,uuid:967cb42c-f21a-4ba6-92be-81cd6d2b0e8d,uuid:967cb42c-f21a-4ba6-92be-81cd6d2b0e8d/observations/quadrat_repeat[2],SavMon_LW_Plot_03,2026-05-20,Samuel_Kiprotich,herb_036,Quadrat 2: herb_036 is not identified yet.,field team
cb0e51109dc6a203fa91901719045f3d,SPE-03,species,info,uuid:967cb42c-f21a-4ba6-92be-81cd6d2b0e8d,uuid:967cb42c-f21a-4ba6-92be-81cd6d2b0e8d/observations/quadrat_repeat[3],SavMon_LW_Plot_03,2026-05-20,Samuel_Kiprotich,herb_037,Quadrat 3: herb_037 is not identified yet.,field team
6049b31b418673d283665a85057225b6,SPE-03,species,info,uuid:967cb42c-f21a-4ba6-92be-81cd6d2b0e8d,uuid:967cb42c-f21a-4ba6-92be-81cd6d2b0e8d/observations/quadrat_repeat[4],SavMon_LW_Plot_03,2026-05-20,Samuel_Kiprotich,herb_010,Quadrat 4: herb_010 is not identified yet.,field team
dbdc19b36ff59e8bb4f93c4602db6fc2,SPE-03,species,info,uuid:967cb42c-f21a-4ba6-92be-81cd6d2b0e8d,uuid:967cb42c-f21a-4ba6-92be-81cd6d2b0e8d/observations/quadrat_repeat[4],SavMon_LW_Plot_03,2026-05-20,Samuel_Kiprotich,herb_038,Quadrat 4: herb_038 is not identified yet.,field team
faaf802fe259a5c1ab2764315534ec4b,SPE-03,species,info,uuid:967cb42c-f21a-4ba6-92be-81cd6d2b0e8d,uuid:967cb42c-f21a-4ba6-92be-81cd6d2b0e8d/observations/quadrat_repeat[4],SavMon_LW_Plot_03,2026-05-20,Samuel_Kiprotich,herb_039,Quadrat 4: herb_039 is not identified yet.,field team
cd6901fe8b6a7f5a2183bf37177dd502,SPE-03,species,info,uuid:967cb42c-f21a-4ba6-92be-81cd6d2b0e8d,uuid:967cb42c-f21a-4ba6-92be-81cd6d2b0e8d/observations/quadrat_repeat[5],SavMon_LW_Plot_03,2026-05-20,Samuel_Kiprotich,herb_038,Quadrat 5: herb_038 is not identified yet.,field team
eae0230239592ccb99845779d918e128,SPE-03,species,info,uuid:967cb42c-f21a-4ba6-92be-81cd6d2b0e8d,uuid:967cb42c-f21a-4ba6-92be-81cd6d2b0e8d/observations/quadrat_repeat[5],SavMon_LW_Plot_03,2026-05-20,Samuel_Kiprotich,herb_039,Quadrat 5: herb_039 is not identified yet.,field team
05647182fee7c11484530bd7f85103df,SPE-03,species,info,uuid:967cb42c-f21a-4ba6-92be-81cd6d2b0e8d,uuid:967cb42c-f21a-4ba6-92be-81cd6d2b0e8d/observations/quadrat_repeat[6],SavMon_LW_Plot_03,2026-05-20,Samuel_Kiprotich,herb_038,Quadrat 6: herb_038 is not identified yet.,field team
d8c971b505e5c15cd4fecbafbaaa26b7,SPE-03,species,info,uuid:967cb42c-f21a-4ba6-92be-81cd6d2b0e8d,uuid:967cb42c-f21a-4ba6-92be-81cd6d2b0e8d/observations/quadrat_repeat[8],SavMon_LW_Plot_03,2026-05-20,Samuel_Kiprotich,herb_038,Quadrat 8: herb_038 is not identified yet.,field team
4a12a8c50a2b7807ff59163c74f4aaa5,SPE-03,species,info,uuid:967cb42c-f21a-4ba6-92be-81cd6d2b0e8d,uuid:967cb42c-f21a-4ba6-92be-81cd6d2b0e8d/observations/quadrat_repeat[9],SavMon_LW_Plot_03,2026-05-20,Samuel_Kiprotich,herb_010,Quadrat 9: herb_010 is not identified yet.,field team
f1f4dfd5201b05a458ecb8d32cfb3ffc,SPE-03,species,info,uuid:967cb42c-f21a-4ba6-92be-81cd6d2b0e8d,uuid:967cb42c-f21a-4ba6-92be-81cd6d2b0e8d/observations/quadrat_repeat[9],SavMon_LW_Plot_03,2026-05-20,Samuel_Kiprotich,herb_038,Quadrat 9: herb_038 is not identified yet.,field team
8f57cd8790f2017fc8dae7b785cdb7b6,SPE-03,species,info,uuid:967cb42c-f21a-4ba6-92be-81cd6d2b0e8d,uuid:967cb42c-f21a-4ba6-92be-81cd6d2b0e8d/observations/quadrat_repeat[10],SavMon_LW_Plot_03,2026-05-20,Samuel_Kiprotich,herb_009,Quadrat 10: herb_009 is not identified yet.,field team
b00e4573933d692bd6efb12102f539c7,SPE-03,species,info,uuid:967cb42c-f21a-4ba6-92be-81cd6d2b0e8d,uuid:967cb42c-f21a-4ba6-92be-81cd6d2b0e8d/observations/quadrat_repeat[10],SavMon_LW_Plot_03,2026-05-20,Samuel_Kiprotich,herb_010,Quadrat 10: herb_010 is not identified yet.,field team
70e2b3ef88662db4a9cae58e579245ec,SPE-03,species,info,uuid:967cb42c-f21a-4ba6-92be-81cd6d2b0e8d,uuid:967cb42c-f21a-4ba6-92be-81cd6d2b0e8d/observations/quadrat_repeat[12],SavMon_LW_Plot_03,2026-05-20,Samuel_Kiprotich,herb_010,Quadrat 12: herb_010 is not identified yet.,field team
4bfdefdbc2396abb85e0589cb4c22e11,SPE-03,species,info,uuid:967cb42c-f21a-4ba6-92be-81cd6d2b0e8d,uuid:967cb42c-f21a-4ba6-92be-81cd6d2b0e8d/observations/quadrat_repeat[12],SavMon_LW_Plot_03,2026-05-20,Samuel_Kiprotich,herb_042,Quadrat 12: herb_042 is not identified yet.,field team
3d8b224ca411234d13613c4700acc347,SPE-03,species,info,uuid:967cb42c-f21a-4ba6-92be-81cd6d2b0e8d,uuid:967cb42c-f21a-4ba6-92be-81cd6d2b0e8d/observations/quadrat_repeat[14],SavMon_LW_Plot_03,2026-05-20,Samuel_Kiprotich,herb_038,Quadrat 14: herb_038 is not identified yet.,field team
bd5d1b601abbe3ba0504ca48217a6f2d,SPE-03,species,info,uuid:967cb42c-f21a-4ba6-92be-81cd6d2b0e8d,uuid:967cb42c-f21a-4ba6-92be-81cd6d2b0e8d/observations/quadrat_repeat[15],SavMon_LW_Plot_03,2026-05-20,Samuel_Kiprotich,herb_039,Quadrat 15: herb_039 is not identified yet.,field team
e90bb9e9b861a1a9f9242c1bf1572f11,SPE-03,species,info,uuid:967cb42c-f21a-4ba6-92be-81cd6d2b0e8d,uuid:967cb42c-f21a-4ba6-92be-81cd6d2b0e8d/observations/quadrat_repeat[16],SavMon_LW_Plot_03,2026-05-20,Samuel_Kiprotich,herb_039,Quadrat 16: herb_039 is not identified yet.,field team
f63b0abbcecf7a3796a5fc7b78a69924,SPE-03,species,info,uuid:967cb42c-f21a-4ba6-92be-81cd6d2b0e8d,uuid:967cb42c-f21a-4ba6-92be-81cd6d2b0e8d/observations/quadrat_repeat[17],SavMon_LW_Plot_03,2026-05-20,Samuel_Kiprotich,herb_010,Quadrat 17: herb_010 is not identified yet.,field team
dbf60b0457f76270e5fffd452d2e9346,SPE-03,species,info,uuid:967cb42c-f21a-4ba6-92be-81cd6d2b0e8d,uuid:967cb42c-f21a-4ba6-92be-81cd6d2b0e8d/observations/quadrat_repeat[17],SavMon_LW_Plot_03,2026-05-20,Samuel_Kiprotich,herb_026,Quadrat 17: herb_026 is not identified yet.,field team
37cf4ba89d3d8952ed0fbd4311e83f89,SPE-03,species,info,uuid:967cb42c-f21a-4ba6-92be-81cd6d2b0e8d,uuid:967cb42c-f21a-4ba6-92be-81cd6d2b0e8d/observations/quadrat_repeat[18],SavMon_LW_Plot_03,2026-05-20,Samuel_Kiprotich,herb_038,Quadrat 18: herb_038 is not identified yet.,field team
13c7a78f484f0f8185d21f4e09b8fb4c,SPE-03,species,info,uuid:967cb42c-f21a-4ba6-92be-81cd6d2b0e8d,uuid:967cb42c-f21a-4ba6-92be-81cd6d2b0e8d/observations/quadrat_repeat[18],SavMon_LW_Plot_03,2026-05-20,Samuel_Kiprotich,herb_042,Quadrat 18: herb_042 is not identified yet.,field team
f7ee66d5f5217f53507ac1fb0b9533f1,SPE-03,species,info,uuid:967cb42c-f21a-4ba6-92be-81cd6d2b0e8d,uuid:967cb42c-f21a-4ba6-92be-81cd6d2b0e8d/observations/quadrat_repeat[19],SavMon_LW_Plot_03,2026-05-20,Samuel_Kiprotich,herb_010,Quadrat 19: herb_010 is not identified yet.,field team
ca7260c77118842db5e29d43e4d1c38a,SPE-03,species,info,uuid:967cb42c-f21a-4ba6-92be-81cd6d2b0e8d,uuid:967cb42c-f21a-4ba6-92be-81cd6d2b0e8d/observations/quadrat_repeat[19],SavMon_LW_Plot_03,2026-05-20,Samuel_Kiprotich,herb_038,Quadrat 19: herb_038 is not identified yet.,field team
242c2c9a0edac56855e9862a7f584d12,SPE-03,species,info,uuid:ce4f999d-8849-42a9-a870-1205d47b1903,uuid:ce4f999d-8849-42a9-a870-1205d47b1903/observations/quadrat_repeat[1],SavMon_LW_Plot_22,2026-05-20,Samuel_Kiprotich,herb_031,Quadrat 1: herb_031 is not identified yet.,field team
c1a06bad6df7b28f494d5ce5acfe5508,SPE-03,species,info,uuid:ce4f999d-8849-42a9-a870-1205d47b1903,uuid:ce4f999d-8849-42a9-a870-1205d47b1903/observations/quadrat_repeat[2],SavMon_LW_Plot_22,2026-05-20,Samuel_Kiprotich,herb_033,Quadrat 2: herb_033 is not identified yet.,field team
8c9d1a00c265e230477793fb261f4644,SPE-03,species,info,uuid:ce4f999d-8849-42a9-a870-1205d47b1903,uuid:ce4f999d-8849-42a9-a870-1205d47b1903/observations/quadrat_repeat[3],SavMon_LW_Plot_22,2026-05-20,Samuel_Kiprotich,herb_026,Quadrat 3: herb_026 is not identified yet.,field team
6c3b679958a2a175fc3a5009f7f8ec7f,SPE-03,species,info,uuid:ce4f999d-8849-42a9-a870-1205d47b1903,uuid:ce4f999d-8849-42a9-a870-1205d47b1903/observations/quadrat_repeat[4],SavMon_LW_Plot_22,2026-05-20,Samuel_Kiprotich,herb_032,Quadrat 4: herb_032 is not identified yet.,field team
441c139ca167b0afe1f0a9ea57bcf444,SPE-03,species,info,uuid:ce4f999d-8849-42a9-a870-1205d47b1903,uuid:ce4f999d-8849-42a9-a870-1205d47b1903/observations/quadrat_repeat[5],SavMon_LW_Plot_22,2026-05-20,Samuel_Kiprotich,herb_010,Quadrat 5: herb_010 is not identified yet.,field team
1125ae20845e8e54ce7baf800ce47960,SPE-03,species,info,uuid:ce4f999d-8849-42a9-a870-1205d47b1903,uuid:ce4f999d-8849-42a9-a870-1205d47b1903/observations/quadrat_repeat[5],SavMon_LW_Plot_22,2026-05-20,Samuel_Kiprotich,herb_034,Quadrat 5: herb_034 is not identified yet.,field team
0c71f431ba3729966134f824fc51dd79,SPE-03,species,info,uuid:ce4f999d-8849-42a9-a870-1205d47b1903,uuid:ce4f999d-8849-42a9-a870-1205d47b1903/observations/quadrat_repeat[6],SavMon_LW_Plot_22,2026-05-20,Samuel_Kiprotich,herb_034,Quadrat 6: herb_034 is not identified yet.,field team
9e52272e1d49d2314d3c6bb237dda306,SPE-03,species,info,uuid:ce4f999d-8849-42a9-a870-1205d47b1903,uuid:ce4f999d-8849-42a9-a870-1205d47b1903/observations/quadrat_repeat[6],SavMon_LW_Plot_22,2026-05-20,Samuel_Kiprotich,herb_035,Quadrat 6: herb_035 is not identified yet.,field team
63146c0710f1f5e036313034f56d1a14,SPE-03,species,info,uuid:ce4f999d-8849-42a9-a870-1205d47b1903,uuid:ce4f999d-8849-42a9-a870-1205d47b1903/observations/quadrat_repeat[8],SavMon_LW_Plot_22,2026-05-20,Samuel_Kiprotich,herb_016,Quadrat 8: herb_016 is not identified yet.,field team
c323295688c260f105c6b0c2f03dbc64,SPE-03,species,info,uuid:ce4f999d-8849-42a9-a870-1205d47b1903,uuid:ce4f999d-8849-42a9-a870-1205d47b1903/observations/quadrat_repeat[10],SavMon_LW_Plot_22,2026-05-20,Samuel_Kiprotich,herb_035,Quadrat 10: herb_035 is not identified yet.,field team
7186e721dc7152e6de79e18012bb2301,SPE-03,species,info,uuid:ce4f999d-8849-42a9-a870-1205d47b1903,uuid:ce4f999d-8849-42a9-a870-1205d47b1903/observations/quadrat_repeat[12],SavMon_LW_Plot_22,2026-05-20,Samuel_Kiprotich,herb_035,Quadrat 12: herb_035 is not identified yet.,field team
88c57d4c912ef4cf59bce3c3b2823fea,SPE-03,species,info,uuid:ce4f999d-8849-42a9-a870-1205d47b1903,uuid:ce4f999d-8849-42a9-a870-1205d47b1903/observations/quadrat_repeat[15],SavMon_LW_Plot_22,2026-05-20,Samuel_Kiprotich,herb_029,Quadrat 15: herb_029 is not identified yet.,field team
963a1c5ff5d7de4b0f972a87513534f3,SPE-03,species,info,uuid:ce4f999d-8849-42a9-a870-1205d47b1903,uuid:ce4f999d-8849-42a9-a870-1205d47b1903/observations/quadrat_repeat[16],SavMon_LW_Plot_22,2026-05-20,Samuel_Kiprotich,herb_034,Quadrat 16: herb_034 is not identified yet.,field team
ccb4a4374c19f5fd9b6857f1aeaf1549,SPE-03,species,info,uuid:ce4f999d-8849-42a9-a870-1205d47b1903,uuid:ce4f999d-8849-42a9-a870-1205d47b1903/observations/quadrat_repeat[17],SavMon_LW_Plot_22,2026-05-20,Samuel_Kiprotich,herb_031,Quadrat 17: herb_031 is not identified yet.,field team
a5848cd20b2d0976fd7e8d9511f838d2,SPE-03,species,info,uuid:ce4f999d-8849-42a9-a870-1205d47b1903,uuid:ce4f999d-8849-42a9-a870-1205d47b1903/observations/quadrat_repeat[17],SavMon_LW_Plot_22,2026-05-20,Samuel_Kiprotich,herb_033,Quadrat 17: herb_033 is not identified yet.,field team
8fd7352fa48b3c9006fc50f184878bbd,SPE-03,species,info,uuid:e7de35f0-a715-47f1-885f-fd5a0d9a2907,uuid:e7de35f0-a715-47f1-885f-fd5a0d9a2907/observations/quadrat_repeat[1],SavMon_LW_Plot_12,2026-05-20,Samuel_Kiprotich,herb_010,Quadrat 1: herb_010 is not identified yet.,field team
adbff6fb97c58dd9564c11b74f7eedd0,SPE-03,species,info,uuid:e7de35f0-a715-47f1-885f-fd5a0d9a2907,uuid:e7de35f0-a715-47f1-885f-fd5a0d9a2907/observations/quadrat_repeat[1],SavMon_LW_Plot_12,2026-05-20,Samuel_Kiprotich,herb_017,Quadrat 1: herb_017 is not identified yet.,field team
a4093a2f63cd3cb89d30fc45ecfedabe,SPE-03,species,info,uuid:e7de35f0-a715-47f1-885f-fd5a0d9a2907,uuid:e7de35f0-a715-47f1-885f-fd5a0d9a2907/observations/quadrat_repeat[2],SavMon_LW_Plot_12,2026-05-20,Samuel_Kiprotich,herb_010,Quadrat 2: herb_010 is not identified yet.,field team
2acbc6aa060523859cb4615d447851ad,SPE-03,species,info,uuid:e7de35f0-a715-47f1-885f-fd5a0d9a2907,uuid:e7de35f0-a715-47f1-885f-fd5a0d9a2907/observations/quadrat_repeat[2],SavMon_LW_Plot_12,2026-05-20,Samuel_Kiprotich,herb_016,Quadrat 2: herb_016 is not identified yet.,field team
cbe3150e1f1e8633da2d73f92ccd9bc3,SPE-03,species,info,uuid:e7de35f0-a715-47f1-885f-fd5a0d9a2907,uuid:e7de35f0-a715-47f1-885f-fd5a0d9a2907/observations/quadrat_repeat[3],SavMon_LW_Plot_12,2026-05-20,Samuel_Kiprotich,herb_010,Quadrat 3: herb_010 is not identified yet.,field team
6101d178872822f5e1d76c5867486a5f,SPE-03,species,info,uuid:e7de35f0-a715-47f1-885f-fd5a0d9a2907,uuid:e7de35f0-a715-47f1-885f-fd5a0d9a2907/observations/quadrat_repeat[3],SavMon_LW_Plot_12,2026-05-20,Samuel_Kiprotich,herb_019,Quadrat 3: herb_019 is not identified yet.,field team
fe4debb3b05c2d6f13f609c2a4c82f0b,SPE-03,species,info,uuid:e7de35f0-a715-47f1-885f-fd5a0d9a2907,uuid:e7de35f0-a715-47f1-885f-fd5a0d9a2907/observations/quadrat_repeat[4],SavMon_LW_Plot_12,2026-05-20,Samuel_Kiprotich,herb_016,Quadrat 4: herb_016 is not identified yet.,field team
301f4c6e55193a7474d90c9ca36c4168,SPE-03,species,info,uuid:e7de35f0-a715-47f1-885f-fd5a0d9a2907,uuid:e7de35f0-a715-47f1-885f-fd5a0d9a2907/observations/quadrat_repeat[4],SavMon_LW_Plot_12,2026-05-20,Samuel_Kiprotich,herb_017,Quadrat 4: herb_017 is not identified yet.,field team
57e08be93750dfc693d8a13bc9baed39,SPE-03,species,info,uuid:e7de35f0-a715-47f1-885f-fd5a0d9a2907,uuid:e7de35f0-a715-47f1-885f-fd5a0d9a2907/observations/quadrat_repeat[4],SavMon_LW_Plot_12,2026-05-20,Samuel_Kiprotich,herb_020,Quadrat 4: herb_020 is not identified yet.,field team
8c6fa101720f58302f92a7e2c197aa9c,SPE-03,species,info,uuid:e7de35f0-a715-47f1-885f-fd5a0d9a2907,uuid:e7de35f0-a715-47f1-885f-fd5a0d9a2907/observations/quadrat_repeat[4],SavMon_LW_Plot_12,2026-05-20,Samuel_Kiprotich,herb_021,Quadrat 4: herb_021 is not identified yet.,field team
c9cdbbe7c03c2d0f5d5d878395798cd0,SPE-03,species,info,uuid:e7de35f0-a715-47f1-885f-fd5a0d9a2907,uuid:e7de35f0-a715-47f1-885f-fd5a0d9a2907/observations/quadrat_repeat[5],SavMon_LW_Plot_12,2026-05-20,Samuel_Kiprotich,herb_017,Quadrat 5: herb_017 is not identified yet.,field team
714505347533eacd4b2e6f54f0f3b4b3,SPE-03,species,info,uuid:e7de35f0-a715-47f1-885f-fd5a0d9a2907,uuid:e7de35f0-a715-47f1-885f-fd5a0d9a2907/observations/quadrat_repeat[5],SavMon_LW_Plot_12,2026-05-20,Samuel_Kiprotich,herb_021,Quadrat 5: herb_021 is not identified yet.,field team
44f8d1cd6efb81c28b357ce771634dbb,SPE-03,species,info,uuid:e7de35f0-a715-47f1-885f-fd5a0d9a2907,uuid:e7de35f0-a715-47f1-885f-fd5a0d9a2907/observations/quadrat_repeat[6],SavMon_LW_Plot_12,2026-05-20,Samuel_Kiprotich,herb_023,Quadrat 6: herb_023 is not identified yet.,field team
4397297b0fd05d8ac7ada62bb4b2b3bb,SPE-03,species,info,uuid:e7de35f0-a715-47f1-885f-fd5a0d9a2907,uuid:e7de35f0-a715-47f1-885f-fd5a0d9a2907/observations/quadrat_repeat[7],SavMon_LW_Plot_12,2026-05-20,Samuel_Kiprotich,herb_018,Quadrat 7: herb_018 is not identified yet.,field team
89cc19472172220cb67da21d6a51f0cf,SPE-03,species,info,uuid:e7de35f0-a715-47f1-885f-fd5a0d9a2907,uuid:e7de35f0-a715-47f1-885f-fd5a0d9a2907/observations/quadrat_repeat[8],SavMon_LW_Plot_12,2026-05-20,Samuel_Kiprotich,herb_016,Quadrat 8: herb_016 is not identified yet.,field team
f47f35ec74825626eccb52881c2317be,SPE-03,species,info,uuid:e7de35f0-a715-47f1-885f-fd5a0d9a2907,uuid:e7de35f0-a715-47f1-885f-fd5a0d9a2907/observations/quadrat_repeat[8],SavMon_LW_Plot_12,2026-05-20,Samuel_Kiprotich,herb_024,Quadrat 8: herb_024 is not identified yet.,field team
ec7c11a2a2877b4fcc90675f03e97c19,SPE-03,species,info,uuid:e7de35f0-a715-47f1-885f-fd5a0d9a2907,uuid:e7de35f0-a715-47f1-885f-fd5a0d9a2907/observations/quadrat_repeat[9],SavMon_LW_Plot_12,2026-05-20,Samuel_Kiprotich,herb_012,Quadrat 9: herb_012 is not identified yet.,field team
938749358a4386328793f5bd1f7d4a4e,SPE-03,species,info,uuid:e7de35f0-a715-47f1-885f-fd5a0d9a2907,uuid:e7de35f0-a715-47f1-885f-fd5a0d9a2907/observations/quadrat_repeat[9],SavMon_LW_Plot_12,2026-05-20,Samuel_Kiprotich,herb_016,Quadrat 9: herb_016 is not identified yet.,field team
36f0784fe29a9d80a9b323600f470825,SPE-03,species,info,uuid:e7de35f0-a715-47f1-885f-fd5a0d9a2907,uuid:e7de35f0-a715-47f1-885f-fd5a0d9a2907/observations/quadrat_repeat[9],SavMon_LW_Plot_12,2026-05-20,Samuel_Kiprotich,herb_025,Quadrat 9: herb_025 is not identified yet.,field team
97fb30099991f270a32755216867d5d6,SPE-03,species,info,uuid:e7de35f0-a715-47f1-885f-fd5a0d9a2907,uuid:e7de35f0-a715-47f1-885f-fd5a0d9a2907/observations/quadrat_repeat[9],SavMon_LW_Plot_12,2026-05-20,Samuel_Kiprotich,herb_026,Quadrat 9: herb_026 is not identified yet.,field team
2bac3c2c2f57d29285de66da11c3ca79,SPE-03,species,info,uuid:e7de35f0-a715-47f1-885f-fd5a0d9a2907,uuid:e7de35f0-a715-47f1-885f-fd5a0d9a2907/observations/quadrat_repeat[10],SavMon_LW_Plot_12,2026-05-20,Samuel_Kiprotich,herb_016,Quadrat 10: herb_016 is not identified yet.,field team
25eb81b7fc5ef22030160fb3f4ae9e02,SPE-03,species,info,uuid:e7de35f0-a715-47f1-885f-fd5a0d9a2907,uuid:e7de35f0-a715-47f1-885f-fd5a0d9a2907/observations/quadrat_repeat[11],SavMon_LW_Plot_12,2026-05-20,Samuel_Kiprotich,herb_017,Quadrat 11: herb_017 is not identified yet.,field team
b72e9d7a5cceb6891b5c512ab2caa348,SPE-03,species,info,uuid:e7de35f0-a715-47f1-885f-fd5a0d9a2907,uuid:e7de35f0-a715-47f1-885f-fd5a0d9a2907/observations/quadrat_repeat[11],SavMon_LW_Plot_12,2026-05-20,Samuel_Kiprotich,herb_018,Quadrat 11: herb_018 is not identified yet.,field team
93f1348059da32a75ebd6ae253b274d4,SPE-03,species,info,uuid:e7de35f0-a715-47f1-885f-fd5a0d9a2907,uuid:e7de35f0-a715-47f1-885f-fd5a0d9a2907/observations/quadrat_repeat[12],SavMon_LW_Plot_12,2026-05-20,Samuel_Kiprotich,herb_010,Quadrat 12: herb_010 is not identified yet.,field team
f881f1277e0066485cc41a298c803a56,SPE-03,species,info,uuid:e7de35f0-a715-47f1-885f-fd5a0d9a2907,uuid:e7de35f0-a715-47f1-885f-fd5a0d9a2907/observations/quadrat_repeat[12],SavMon_LW_Plot_12,2026-05-20,Samuel_Kiprotich,herb_012,Quadrat 12: herb_012 is not identified yet.,field team
b4a2b24f4de3ab8e48612439fc2dadf5,SPE-03,species,info,uuid:e7de35f0-a715-47f1-885f-fd5a0d9a2907,uuid:e7de35f0-a715-47f1-885f-fd5a0d9a2907/observations/quadrat_repeat[12],SavMon_LW_Plot_12,2026-05-20,Samuel_Kiprotich,herb_016,Quadrat 12: herb_016 is not identified yet.,field team
cbd3616b9c5c97936d469622bed29c83,SPE-03,species,info,uuid:e7de35f0-a715-47f1-885f-fd5a0d9a2907,uuid:e7de35f0-a715-47f1-885f-fd5a0d9a2907/observations/quadrat_repeat[12],SavMon_LW_Plot_12,2026-05-20,Samuel_Kiprotich,herb_017,Quadrat 12: herb_017 is not identified yet.,field team
bf6cdcd34c09a481d105d7c096237817,SPE-03,species,info,uuid:e7de35f0-a715-47f1-885f-fd5a0d9a2907,uuid:e7de35f0-a715-47f1-885f-fd5a0d9a2907/observations/quadrat_repeat[13],SavMon_LW_Plot_12,2026-05-20,Samuel_Kiprotich,herb_016,Quadrat 13: herb_016 is not identified yet.,field team
10b8862809e138755b5866bce5265951,SPE-03,species,info,uuid:e7de35f0-a715-47f1-885f-fd5a0d9a2907,uuid:e7de35f0-a715-47f1-885f-fd5a0d9a2907/observations/quadrat_repeat[13],SavMon_LW_Plot_12,2026-05-20,Samuel_Kiprotich,herb_017,Quadrat 13: herb_017 is not identified yet.,field team
b044c68912e1459d83a6536fdd2243bc,SPE-03,species,info,uuid:e7de35f0-a715-47f1-885f-fd5a0d9a2907,uuid:e7de35f0-a715-47f1-885f-fd5a0d9a2907/observations/quadrat_repeat[13],SavMon_LW_Plot_12,2026-05-20,Samuel_Kiprotich,herb_023,Quadrat 13: herb_023 is not identified yet.,field team
210c78c4faaf21641af638242c0fc481,SPE-03,species,info,uuid:e7de35f0-a715-47f1-885f-fd5a0d9a2907,uuid:e7de35f0-a715-47f1-885f-fd5a0d9a2907/observations/quadrat_repeat[13],SavMon_LW_Plot_12,2026-05-20,Samuel_Kiprotich,herb_029,Quadrat 13: herb_029 is not identified yet.,field team
02025e0807a6ad4de7a5d21d5fdc6548,SPE-03,species,info,uuid:e7de35f0-a715-47f1-885f-fd5a0d9a2907,uuid:e7de35f0-a715-47f1-885f-fd5a0d9a2907/observations/quadrat_repeat[14],SavMon_LW_Plot_12,2026-05-20,Samuel_Kiprotich,herb_016,Quadrat 14: herb_016 is not identified yet.,field team
4e11f8b28b1bbd88a3a961bdc54c117c,SPE-03,species,info,uuid:e7de35f0-a715-47f1-885f-fd5a0d9a2907,uuid:e7de35f0-a715-47f1-885f-fd5a0d9a2907/observations/quadrat_repeat[14],SavMon_LW_Plot_12,2026-05-20,Samuel_Kiprotich,herb_017,Quadrat 14: herb_017 is not identified yet.,field team
c93ba1f5d8e4c4b25034676968a6826c,SPE-03,species,info,uuid:e7de35f0-a715-47f1-885f-fd5a0d9a2907,uuid:e7de35f0-a715-47f1-885f-fd5a0d9a2907/observations/quadrat_repeat[15],SavMon_LW_Plot_12,2026-05-20,Samuel_Kiprotich,herb_017,Quadrat 15: herb_017 is not identified yet.,field team
45d4b8a3c32423a66eb13038428a85bf,SPE-03,species,info,uuid:e7de35f0-a715-47f1-885f-fd5a0d9a2907,uuid:e7de35f0-a715-47f1-885f-fd5a0d9a2907/observations/quadrat_repeat[16],SavMon_LW_Plot_12,2026-05-20,Samuel_Kiprotich,herb_016,Quadrat 16: herb_016 is not identified yet.,field team
71766feb5b17d06478df933740879b69,SPE-03,species,info,uuid:e7de35f0-a715-47f1-885f-fd5a0d9a2907,uuid:e7de35f0-a715-47f1-885f-fd5a0d9a2907/observations/quadrat_repeat[16],SavMon_LW_Plot_12,2026-05-20,Samuel_Kiprotich,herb_030,Quadrat 16: herb_030 is not identified yet.,field team
f601641f091425562002f885dd70dd13,SPE-03,species,info,uuid:e7de35f0-a715-47f1-885f-fd5a0d9a2907,uuid:e7de35f0-a715-47f1-885f-fd5a0d9a2907/observations/quadrat_repeat[17],SavMon_LW_Plot_12,2026-05-20,Samuel_Kiprotich,herb_016,Quadrat 17: herb_016 is not identified yet.,field team
5c419b33fca1f4f4adb3a977f1ecab24,SPE-03,species,info,uuid:e7de35f0-a715-47f1-885f-fd5a0d9a2907,uuid:e7de35f0-a715-47f1-885f-fd5a0d9a2907/observations/quadrat_repeat[18],SavMon_LW_Plot_12,2026-05-20,Samuel_Kiprotich,herb_010,Quadrat 18: herb_010 is not identified yet.,field team
6036aee9c49e2b30d38952c59f1c70c5,SPE-03,species,info,uuid:e7de35f0-a715-47f1-885f-fd5a0d9a2907,uuid:e7de35f0-a715-47f1-885f-fd5a0d9a2907/observations/quadrat_repeat[18],SavMon_LW_Plot_12,2026-05-20,Samuel_Kiprotich,herb_012,Quadrat 18: herb_012 is not identified yet.,field team
d2cc3aeebb780e165788722c0b244592,SPE-03,species,info,uuid:e7de35f0-a715-47f1-885f-fd5a0d9a2907,uuid:e7de35f0-a715-47f1-885f-fd5a0d9a2907/observations/quadrat_repeat[19],SavMon_LW_Plot_12,2026-05-20,Samuel_Kiprotich,herb_010,Quadrat 19: herb_010 is not identified yet.,field team
7f7b153c05427126e0b872d2cfd60cc7,SPE-03,species,info,uuid:e7de35f0-a715-47f1-885f-fd5a0d9a2907,uuid:e7de35f0-a715-47f1-885f-fd5a0d9a2907/observations/quadrat_repeat[19],SavMon_LW_Plot_12,2026-05-20,Samuel_Kiprotich,herb_018,Quadrat 19: herb_018 is not identified yet.,field team
963c8cd8e265ac14ae6135a680e53823,SPE-03,species,info,uuid:e7de35f0-a715-47f1-885f-fd5a0d9a2907,uuid:e7de35f0-a715-47f1-885f-fd5a0d9a2907/observations/quadrat_repeat[19],SavMon_LW_Plot_12,2026-05-20,Samuel_Kiprotich,herb_022,Quadrat 19: herb_022 is not identified yet.,field team
bde874370da2a011e40b27f52ac08088,SPE-03,species,info,uuid:e7de35f0-a715-47f1-885f-fd5a0d9a2907,uuid:e7de35f0-a715-47f1-885f-fd5a0d9a2907/observations/quadrat_repeat[20],SavMon_LW_Plot_12,2026-05-20,Samuel_Kiprotich,herb_010,Quadrat 20: herb_010 is not identified yet.,field team
dbbc3e086f955a76e29bce6645856f86,SPE-03,species,info,uuid:e7de35f0-a715-47f1-885f-fd5a0d9a2907,uuid:e7de35f0-a715-47f1-885f-fd5a0d9a2907/observations/quadrat_repeat[20],SavMon_LW_Plot_12,2026-05-20,Samuel_Kiprotich,herb_016,Quadrat 20: herb_016 is not identified yet.,field team
3d125a15a9be7d5e5f7bf99a46d338d3,SPE-03,species,info,uuid:e7de35f0-a715-47f1-885f-fd5a0d9a2907,uuid:e7de35f0-a715-47f1-885f-fd5a0d9a2907/observations/quadrat_repeat[20],SavMon_LW_Plot_12,2026-05-20,Samuel_Kiprotich,herb_017,Quadrat 20: herb_017 is not identified yet.,field team
fd6c8406f3f231214f588ebec601a858,SPE-03,species,info,uuid:e7de35f0-a715-47f1-885f-fd5a0d9a2907,uuid:e7de35f0-a715-47f1-885f-fd5a0d9a2907/observations/quadrat_repeat[20],SavMon_LW_Plot_12,2026-05-20,Samuel_Kiprotich,herb_027,Quadrat 20: herb_027 is not identified yet.,field team
eaf4342db9e7426eb0ff3ad1fa2af6f1,SPE-03,species,info,uuid:e7de35f0-a715-47f1-885f-fd5a0d9a2907,uuid:e7de35f0-a715-47f1-885f-fd5a0d9a2907/observations/quadrat_repeat[20],SavMon_LW_Plot_12,2026-05-20,Samuel_Kiprotich,herb_028,Quadrat 20: herb_028 is not identified yet.,field team
323ea3f3f0f61f52fb167a88fff7d9ac,SPE-03,species,info,uuid:359a5da6-d237-4203-b838-8596bdbd4935,uuid:359a5da6-d237-4203-b838-8596bdbd4935/observations/quadrat_repeat[1],SavMon_LW_Plot_08,2026-05-19,Samuel_Kiprotich,herb_002,Quadrat 1: herb_002 is not identified yet.,field team
82b58d0b0f93815c74bfaaa038c02e01,SPE-03,species,info,uuid:359a5da6-d237-4203-b838-8596bdbd4935,uuid:359a5da6-d237-4203-b838-8596bdbd4935/observations/quadrat_repeat[3],SavMon_LW_Plot_08,2026-05-19,Samuel_Kiprotich,herb_002,Quadrat 3: herb_002 is not identified yet.,field team
1b01111664c60a8ca35c1a7100feb30e,SPE-03,species,info,uuid:359a5da6-d237-4203-b838-8596bdbd4935,uuid:359a5da6-d237-4203-b838-8596bdbd4935/observations/quadrat_repeat[3],SavMon_LW_Plot_08,2026-05-19,Samuel_Kiprotich,herb_006,Quadrat 3: herb_006 is not identified yet.,field team
bb9a1777edd39bd5482dd788d2d4e5b2,SPE-03,species,info,uuid:359a5da6-d237-4203-b838-8596bdbd4935,uuid:359a5da6-d237-4203-b838-8596bdbd4935/observations/quadrat_repeat[4],SavMon_LW_Plot_08,2026-05-19,Samuel_Kiprotich,herb_002,Quadrat 4: herb_002 is not identified yet.,field team
58a6b9729c30b30f2d19994fc7010cc8,SPE-03,species,info,uuid:359a5da6-d237-4203-b838-8596bdbd4935,uuid:359a5da6-d237-4203-b838-8596bdbd4935/observations/quadrat_repeat[4],SavMon_LW_Plot_08,2026-05-19,Samuel_Kiprotich,herb_007,Quadrat 4: herb_007 is not identified yet.,field team
9aa50161c4805b7a80663897a981ec2e,SPE-03,species,info,uuid:359a5da6-d237-4203-b838-8596bdbd4935,uuid:359a5da6-d237-4203-b838-8596bdbd4935/observations/quadrat_repeat[5],SavMon_LW_Plot_08,2026-05-19,Samuel_Kiprotich,herb_001,Quadrat 5: herb_001 is not identified yet.,field team
fb6c1119e01a19242cea682ee7ea7de2,SPE-03,species,info,uuid:359a5da6-d237-4203-b838-8596bdbd4935,uuid:359a5da6-d237-4203-b838-8596bdbd4935/observations/quadrat_repeat[5],SavMon_LW_Plot_08,2026-05-19,Samuel_Kiprotich,herb_002,Quadrat 5: herb_002 is not identified yet.,field team
71d8c6c96d7a602a74575fded94a7f60,SPE-03,species,info,uuid:359a5da6-d237-4203-b838-8596bdbd4935,uuid:359a5da6-d237-4203-b838-8596bdbd4935/observations/quadrat_repeat[5],SavMon_LW_Plot_08,2026-05-19,Samuel_Kiprotich,herb_008,Quadrat 5: herb_008 is not identified yet.,field team
abf989a5b48ea1996a205766672c5ff8,SPE-03,species,info,uuid:359a5da6-d237-4203-b838-8596bdbd4935,uuid:359a5da6-d237-4203-b838-8596bdbd4935/observations/quadrat_repeat[6],SavMon_LW_Plot_08,2026-05-19,Samuel_Kiprotich,herb_002,Quadrat 6: herb_002 is not identified yet.,field team
008a2c0d56688af9e1fc5ce8e9cc1698,SPE-03,species,info,uuid:359a5da6-d237-4203-b838-8596bdbd4935,uuid:359a5da6-d237-4203-b838-8596bdbd4935/observations/quadrat_repeat[6],SavMon_LW_Plot_08,2026-05-19,Samuel_Kiprotich,herb_008,Quadrat 6: herb_008 is not identified yet.,field team
e1a82d8db18039de1688017ca2e90142,SPE-03,species,info,uuid:359a5da6-d237-4203-b838-8596bdbd4935,uuid:359a5da6-d237-4203-b838-8596bdbd4935/observations/quadrat_repeat[7],SavMon_LW_Plot_08,2026-05-19,Samuel_Kiprotich,herb_008,Quadrat 7: herb_008 is not identified yet.,field team
02cdd6c0c20e8b5a401814f09e211d92,SPE-03,species,info,uuid:359a5da6-d237-4203-b838-8596bdbd4935,uuid:359a5da6-d237-4203-b838-8596bdbd4935/observations/quadrat_repeat[8],SavMon_LW_Plot_08,2026-05-19,Samuel_Kiprotich,herb_009,Quadrat 8: herb_009 is not identified yet.,field team
e9def05e682db0ca78692ac865e6fbad,SPE-03,species,info,uuid:359a5da6-d237-4203-b838-8596bdbd4935,uuid:359a5da6-d237-4203-b838-8596bdbd4935/observations/quadrat_repeat[9],SavMon_LW_Plot_08,2026-05-19,Samuel_Kiprotich,herb_002,Quadrat 9: herb_002 is not identified yet.,field team
8ae22369776133d5796bb3c461a34909,SPE-03,species,info,uuid:359a5da6-d237-4203-b838-8596bdbd4935,uuid:359a5da6-d237-4203-b838-8596bdbd4935/observations/quadrat_repeat[9],SavMon_LW_Plot_08,2026-05-19,Samuel_Kiprotich,herb_004,Quadrat 9: herb_004 is not identified yet.,field team
cc5b9f70f970c0e80973d0f9122e3bf4,SPE-03,species,info,uuid:359a5da6-d237-4203-b838-8596bdbd4935,uuid:359a5da6-d237-4203-b838-8596bdbd4935/observations/quadrat_repeat[9],SavMon_LW_Plot_08,2026-05-19,Samuel_Kiprotich,herb_010,Quadrat 9: herb_010 is not identified yet.,field team
81b42aa820a8f79f6e0820a009fa695d,SPE-03,species,info,uuid:359a5da6-d237-4203-b838-8596bdbd4935,uuid:359a5da6-d237-4203-b838-8596bdbd4935/observations/quadrat_repeat[10],SavMon_LW_Plot_08,2026-05-19,Samuel_Kiprotich,herb_003,Quadrat 10: herb_003 is not identified yet.,field team
c1d1790e1576ae487c88acccedadf15f,SPE-03,species,info,uuid:359a5da6-d237-4203-b838-8596bdbd4935,uuid:359a5da6-d237-4203-b838-8596bdbd4935/observations/quadrat_repeat[10],SavMon_LW_Plot_08,2026-05-19,Samuel_Kiprotich,herb_010,Quadrat 10: herb_010 is not identified yet.,field team
e8e4f9eacfc82d56e06e2f402df15ad7,SPE-03,species,info,uuid:359a5da6-d237-4203-b838-8596bdbd4935,uuid:359a5da6-d237-4203-b838-8596bdbd4935/observations/quadrat_repeat[11],SavMon_LW_Plot_08,2026-05-19,Samuel_Kiprotich,herb_002,Quadrat 11: herb_002 is not identified yet.,field team
dd8e847efd0cb8574d084a85d31cdee3,SPE-03,species,info,uuid:359a5da6-d237-4203-b838-8596bdbd4935,uuid:359a5da6-d237-4203-b838-8596bdbd4935/observations/quadrat_repeat[11],SavMon_LW_Plot_08,2026-05-19,Samuel_Kiprotich,herb_011,Quadrat 11: herb_011 is not identified yet.,field team
679530d848db26e123b678ab2d89326d,SPE-03,species,info,uuid:359a5da6-d237-4203-b838-8596bdbd4935,uuid:359a5da6-d237-4203-b838-8596bdbd4935/observations/quadrat_repeat[12],SavMon_LW_Plot_08,2026-05-19,Samuel_Kiprotich,herb_002,Quadrat 12: herb_002 is not identified yet.,field team
5042beb04676ce9e376cffc545a9508c,SPE-03,species,info,uuid:359a5da6-d237-4203-b838-8596bdbd4935,uuid:359a5da6-d237-4203-b838-8596bdbd4935/observations/quadrat_repeat[12],SavMon_LW_Plot_08,2026-05-19,Samuel_Kiprotich,herb_004,Quadrat 12: herb_004 is not identified yet.,field team
d7ce1799e456716782d5afdaf688bb71,SPE-03,species,info,uuid:359a5da6-d237-4203-b838-8596bdbd4935,uuid:359a5da6-d237-4203-b838-8596bdbd4935/observations/quadrat_repeat[12],SavMon_LW_Plot_08,2026-05-19,Samuel_Kiprotich,herb_009,Quadrat 12: herb_009 is not identified yet.,field team
fb037c9dcaa016b8f06015f97c64ed12,SPE-03,species,info,uuid:359a5da6-d237-4203-b838-8596bdbd4935,uuid:359a5da6-d237-4203-b838-8596bdbd4935/observations/quadrat_repeat[12],SavMon_LW_Plot_08,2026-05-19,Samuel_Kiprotich,herb_012,Quadrat 12: herb_012 is not identified yet.,field team
99df368a31ac8b86cc99ee4aeb1e1a14,SPE-03,species,info,uuid:359a5da6-d237-4203-b838-8596bdbd4935,uuid:359a5da6-d237-4203-b838-8596bdbd4935/observations/quadrat_repeat[13],SavMon_LW_Plot_08,2026-05-19,Samuel_Kiprotich,herb_002,Quadrat 13: herb_002 is not identified yet.,field team
672747f7e2279d3e7257977798520f2f,SPE-03,species,info,uuid:359a5da6-d237-4203-b838-8596bdbd4935,uuid:359a5da6-d237-4203-b838-8596bdbd4935/observations/quadrat_repeat[13],SavMon_LW_Plot_08,2026-05-19,Samuel_Kiprotich,herb_008,Quadrat 13: herb_008 is not identified yet.,field team
b3883b963f00429cf1ef93af3f67786b,SPE-03,species,info,uuid:359a5da6-d237-4203-b838-8596bdbd4935,uuid:359a5da6-d237-4203-b838-8596bdbd4935/observations/quadrat_repeat[13],SavMon_LW_Plot_08,2026-05-19,Samuel_Kiprotich,herb_010,Quadrat 13: herb_010 is not identified yet.,field team
b57c19fb41ad40b71a021469503295d6,SPE-03,species,info,uuid:359a5da6-d237-4203-b838-8596bdbd4935,uuid:359a5da6-d237-4203-b838-8596bdbd4935/observations/quadrat_repeat[14],SavMon_LW_Plot_08,2026-05-19,Samuel_Kiprotich,herb_005,Quadrat 14: herb_005 is not identified yet.,field team
666f4e206fa856b78bb06a48ea56d352,SPE-03,species,info,uuid:359a5da6-d237-4203-b838-8596bdbd4935,uuid:359a5da6-d237-4203-b838-8596bdbd4935/observations/quadrat_repeat[15],SavMon_LW_Plot_08,2026-05-19,Samuel_Kiprotich,herb_008,Quadrat 15: herb_008 is not identified yet.,field team
cc74bec3efe71c34cbe0638b545b135c,SPE-03,species,info,uuid:359a5da6-d237-4203-b838-8596bdbd4935,uuid:359a5da6-d237-4203-b838-8596bdbd4935/observations/quadrat_repeat[16],SavMon_LW_Plot_08,2026-05-19,Samuel_Kiprotich,herb_002,Quadrat 16: herb_002 is not identified yet.,field team
dc668c8902882ad953bc61838f442854,SPE-03,species,info,uuid:359a5da6-d237-4203-b838-8596bdbd4935,uuid:359a5da6-d237-4203-b838-8596bdbd4935/observations/quadrat_repeat[16],SavMon_LW_Plot_08,2026-05-19,Samuel_Kiprotich,herb_008,Quadrat 16: herb_008 is not identified yet.,field team
762460547008cadd191754152550188d,SPE-03,species,info,uuid:359a5da6-d237-4203-b838-8596bdbd4935,uuid:359a5da6-d237-4203-b838-8596bdbd4935/observations/quadrat_repeat[16],SavMon_LW_Plot_08,2026-05-19,Samuel_Kiprotich,herb_014,Quadrat 16: herb_014 is not identified yet.,field team
6cada7d9f89cd2a168ffbf1b3535b4b5,SPE-03,species,info,uuid:359a5da6-d237-4203-b838-8596bdbd4935,uuid:359a5da6-d237-4203-b838-8596bdbd4935/observations/quadrat_repeat[17],SavMon_LW_Plot_08,2026-05-19,Samuel_Kiprotich,herb_009,Quadrat 17: herb_009 is not identified yet.,field team
bf39f7312a3221836d3fc48711562564,SPE-03,species,info,uuid:359a5da6-d237-4203-b838-8596bdbd4935,uuid:359a5da6-d237-4203-b838-8596bdbd4935/observations/quadrat_repeat[19],SavMon_LW_Plot_08,2026-05-19,Samuel_Kiprotich,herb_009,Quadrat 19: herb_009 is not identified yet.,field team
542954b7de82bfd895b436bcf56b7c62,SPE-03,species,info,uuid:359a5da6-d237-4203-b838-8596bdbd4935,uuid:359a5da6-d237-4203-b838-8596bdbd4935/observations/quadrat_repeat[19],SavMon_LW_Plot_08,2026-05-19,Samuel_Kiprotich,herb_016,Quadrat 19: herb_016 is not identified yet.,field team
22874fa43fbbdf8e526adb63617b8e63,SPE-03,species,info,uuid:359a5da6-d237-4203-b838-8596bdbd4935,uuid:359a5da6-d237-4203-b838-8596bdbd4935/observations/quadrat_repeat[20],SavMon_LW_Plot_08,2026-05-19,Samuel_Kiprotich,herb_010,Quadrat 20: herb_010 is not identified yet.,field team
7b654de0055fcf0be81331d129686c5e,SPE-03,species,info,uuid:359a5da6-d237-4203-b838-8596bdbd4935,uuid:359a5da6-d237-4203-b838-8596bdbd4935/observations/quadrat_repeat[20],SavMon_LW_Plot_08,2026-05-19,Samuel_Kiprotich,herb_015,Quadrat 20: herb_015 is not identified yet.,field team
b22bc5b8e4307d3c99c69aacaae589dd,SPE-05,species,warning,uuid:599e04cf-832f-4535-8305-967918d12026,uuid:599e04cf-832f-4535-8305-967918d12026/observations/quadrat_repeat[16],SavMon_LW_Plot_16,2026-05-27,Grace_Achieng,"""Justicia divaricata ""","Quadrat 16: the name ""Justicia divaricata "" has a space at the start or end.",field team
e287cec37aa880e193e1b7740c5141ee,SPE-05,species,warning,uuid:359a5da6-d237-4203-b838-8596bdbd4935,uuid:359a5da6-d237-4203-b838-8596bdbd4935/observations/quadrat_repeat[1],SavMon_LW_Plot_08,2026-05-19,Samuel_Kiprotich,"""Evolvulus alsinoides ""","Quadrat 1: the name ""Evolvulus alsinoides "" has a space at the start or end.",field team
8eba144890c5239f4f7190146243c6c6,SPE-06,species,warning,uuid:54452130-d92e-4996-a0d7-9401811b9ed7,uuid:54452130-d92e-4996-a0d7-9401811b9ed7/observations/quadrat_repeat[3],SavMon_LW_Plot_15,2026-05-24,Grace_Achieng,Ipomea leucanthemum,"Quadrat 3: ""Ipomea leucanthemum"" looks like a misspelling of ""Ipomoea"".",field team
c226a99a858462251a503c9a33ab739d,SPE-06,species,warning,uuid:e63b6ad6-7893-4cca-a1db-00fbde18a2aa,uuid:e63b6ad6-7893-4cca-a1db-00fbde18a2aa/observations/quadrat_repeat[2],SavMon_LW_Plot_02,2026-05-24,Grace_Achieng,Brachiara dura,"Quadrat 2: ""Brachiara dura"" looks like a misspelling of ""Brachiaria"".",field team
3e79a92f81a6f4ff77e9f73541f3fa72,SPE-06,species,warning,uuid:5d242bf2-8888-4eb0-9082-431482177425,uuid:5d242bf2-8888-4eb0-9082-431482177425/observations/quadrat_repeat[9],SavMon_LW_Plot_05,2026-05-22,Grace_Achieng,Ipomea sinensis,"Quadrat 9: ""Ipomea sinensis"" looks like a misspelling of ""Ipomoea"".",field team
81e8629f1ea293b50f53b560da3f9664,SPE-08,species,warning,uuid:599e04cf-832f-4535-8305-967918d12026,uuid:599e04cf-832f-4535-8305-967918d12026/observations/quadrat_repeat[16],SavMon_LW_Plot_16,2026-05-27,Grace_Achieng,Justicia divaricata,Quadrat 16: Justicia divaricata was entered as a new species more than once.,data manager
6de80aa6f1a18c06f551fadeeed37667,SPE-08,species,warning,uuid:c6cc7231-7af6-4bc5-b281-565c53f21763,uuid:c6cc7231-7af6-4bc5-b281-565c53f21763/observations/quadrat_repeat[13],SavMon_LW_Plot_21,2026-05-26,Samuel_Kiprotich,Cyperus margaritaceus,Quadrat 13: Cyperus margaritaceus was entered as a new species more than once.,data manager
9d4b70790a383a9b3354d8d2bc27b6c0,SPE-08,species,warning,uuid:49d73df9-2d36-4a1e-aa29-6f94f23a7513,uuid:49d73df9-2d36-4a1e-aa29-6f94f23a7513/observations/quadrat_repeat[13],SavMon_LW_Plot_21,2026-05-26,Grace_Achieng,Cyperus margaritaceus,Quadrat 13: Cyperus margaritaceus was entered as a new species more than once.,data manager
eb372b5353c8112350a36df3d702adf5,SPE-08,species,warning,uuid:2439f628-f86d-4770-98d1-ae7b99a4d91f,uuid:2439f628-f86d-4770-98d1-ae7b99a4d91f/observations/quadrat_repeat[1],SavMon_LW_Plot_26,2026-05-22,Grace_Achieng,Aristida scabrivalvis,Quadrat 1: Aristida scabrivalvis was entered as a new species more than once.,data manager
31010d394a5d5fe01a3ecd9417038197,SPE-08,species,warning,uuid:95cde0b4-8b49-4f5d-a3c7-6765e1c06466,uuid:95cde0b4-8b49-4f5d-a3c7-6765e1c06466/observations/quadrat_repeat[9],SavMon_LW_Plot_09,2026-05-21,Grace_Achieng,Justicia divaricata,Quadrat 9: Justicia divaricata was entered as a new species more than once.,data manager
adfaff70fb6367a0e2e79b3e2c65e8eb,SPE-08,species,warning,uuid:967cb42c-f21a-4ba6-92be-81cd6d2b0e8d,uuid:967cb42c-f21a-4ba6-92be-81cd6d2b0e8d/observations/quadrat_repeat[6],SavMon_LW_Plot_03,2026-05-20,Samuel_Kiprotich,Aristida scabrivalvis,Quadrat 6: Aristida scabrivalvis was entered as a new species more than once.,data manager
0c057e242a0b3a7708e27efe35e59af9,SPE-09,species,warning,uuid:fdf5f121-0a7f-4769-85bb-4717e0361eb4,uuid:fdf5f121-0a7f-4769-85bb-4717e0361eb4/observations/quadrat_repeat[7],SavMon_LW_Plot_14,2026-05-21,Grace_Achieng,Pechuel-loeschea leubnitziae,Quadrat 7: Pechuel-loeschea leubnitziae is already on the species list and should have been selected.,data manager
bfecf927e33064b10a9eab87112c385f,SPE-11,species,error,uuid:c4ea3469-7e1c-474a-9ce6-fc1926e590e2,uuid:c4ea3469-7e1c-474a-9ce6-fc1926e590e2/observations/quadrat_repeat[6],SavMon_LW_Plot_28,2026-05-23,Grace_Achieng,uuid:c4ea3469-7e1c-474a-9ce6-fc1926e590e2/observations/quadrat_repeat[6]/additional_species_repeat[5],Quadrat 6: an extra species has no name.,field team
6997e5c2e379517f797a21af7e8650da,SPE-12,species,warning,uuid:599e04cf-832f-4535-8305-967918d12026,,SavMon_LW_Plot_16,2026-05-27,Grace_Achieng,"""Evolvulus alsinoides ""","The reused name ""Evolvulus alsinoides "" has a space at the start or end.",data manager
2660283b8af180b9fbb02a2b1a431ded,SPE-12,species,warning,uuid:c6cc7231-7af6-4bc5-b281-565c53f21763,,SavMon_LW_Plot_21,2026-05-26,Samuel_Kiprotich,"""Evolvulus alsinoides ""","The reused name ""Evolvulus alsinoides "" has a space at the start or end.",data manager
32460e0a62938206f8b44a109331aecb,SPE-12,species,warning,uuid:49d73df9-2d36-4a1e-aa29-6f94f23a7513,,SavMon_LW_Plot_21,2026-05-26,Grace_Achieng,"""Evolvulus alsinoides ""","The reused name ""Evolvulus alsinoides "" has a space at the start or end.",data manager
4f80d7ea1df3d824b379f5c792691ffd,SPE-12,species,warning,uuid:cf362fbc-991a-4db1-8d49-6c1d29fd49c8,,SavMon_LW_Plot_18,2026-05-26,Grace_Achieng,"""Evolvulus alsinoides ""","The reused name ""Evolvulus alsinoides "" has a space at the start or end.",data manager
508a6eca8f593330346d3742322c55db,SPE-12,species,warning,uuid:9e1251bb-84c1-4b7a-a8bb-bafcf7afc82c,,SavMon_LW_Plot_11,2026-05-26,Grace_Achieng,"""Evolvulus alsinoides ""","The reused name ""Evolvulus alsinoides "" has a space at the start or end.",data manager
7cc363a9a5d701724f1b88a397fb2658,SPE-12,species,warning,uuid:81e3bc36-700f-465d-a1aa-48ebed04a78c,,SavMon_LW_Plot_18,2026-05-26,Grace_Achieng,"""Evolvulus alsinoides ""","The reused name ""Evolvulus alsinoides "" has a space at the start or end.",data manager
7d99a2f55ec11804fa305d870d6e64d9,SPE-12,species,warning,uuid:938c15e5-c942-49aa-8e6d-9633189870ff,,SavMon_LW_Plot_29,2026-05-26,Samuel_Kiprotich,"""Evolvulus alsinoides ""","The reused name ""Evolvulus alsinoides "" has a space at the start or end.",data manager
1a75562ebea7fd70d3a3e3823c0ae590,SPE-12,species,warning,uuid:8e5f5c9d-d697-4358-b766-db4a41f28c3e,,SavMon_LW_Plot_25,2026-05-25,Grace_Achieng,"""Evolvulus alsinoides ""","The reused name ""Evolvulus alsinoides "" has a space at the start or end.",data manager
15a8c7370ef55735877429e9559fc25c,SPE-12,species,warning,uuid:b816a9b4-f338-432a-83d7-1cf354583f0f,,SavMon_LW_Plot_20,2026-05-24,Grace_Achieng,"""Evolvulus alsinoides ""","The reused name ""Evolvulus alsinoides "" has a space at the start or end.",data manager
eb130104f625cf06086b75191f1ce013,SPE-12,species,warning,uuid:e63b6ad6-7893-4cca-a1db-00fbde18a2aa,,SavMon_LW_Plot_02,2026-05-24,Grace_Achieng,"""Evolvulus alsinoides ""","The reused name ""Evolvulus alsinoides "" has a space at the start or end.",data manager
0a5e732a5ff1e2c482daf66b98aee400,SPE-12,species,warning,uuid:c4ea3469-7e1c-474a-9ce6-fc1926e590e2,,SavMon_LW_Plot_28,2026-05-23,Grace_Achieng,"""Evolvulus alsinoides ""","The reused name ""Evolvulus alsinoides "" has a space at the start or end.",data manager
6adc35077d16bb3ab27068659abf0c15,SPE-12,species,warning,uuid:9fd08bb2-7c3f-49f5-8ad8-dd6f45da94da,,SavMon_LW_Plot_01,2026-05-23,Grace_Achieng,"""Evolvulus alsinoides ""","The reused name ""Evolvulus alsinoides "" has a space at the start or end.",data manager
5a753e3d489e4009ec4b9f5c37da7040,SPE-12,species,warning,uuid:9ec95900-d4e8-4825-be75-07834b98cc6c,,SavMon_LW_Plot_19,2026-05-22,Grace_Achieng,"""Evolvulus alsinoides ""","The reused name ""Evolvulus alsinoides "" has a space at the start or end.",data manager
a0aa6622fbe9254c9636c56ac79022bd,SPE-12,species,warning,uuid:c803a008-7014-4a4e-a485-68e1d90d767c,,SavMon_LW_Plot_27,2026-05-22,Grace_Achieng,"""Evolvulus alsinoides ""","The reused name ""Evolvulus alsinoides "" has a space at the start or end.",data manager
e0ff5650bfe6c7189dce1fd7f732c556,SPE-12,species,warning,uuid:95cde0b4-8b49-4f5d-a3c7-6765e1c06466,,SavMon_LW_Plot_09,2026-05-21,Grace_Achieng,"""Evolvulus alsinoides ""","The reused name ""Evolvulus alsinoides "" has a space at the start or end.",data manager
48934990d91c0c4f3b0e88f89c1bb946,SPE-12,species,warning,uuid:fdf5f121-0a7f-4769-85bb-4717e0361eb4,,SavMon_LW_Plot_14,2026-05-21,Grace_Achieng,"""Evolvulus alsinoides ""","The reused name ""Evolvulus alsinoides "" has a space at the start or end.",data manager
3798ba65ba5cb732a813c0149e34e389,SPE-12,species,warning,uuid:c17516f9-53dd-4fda-b4e6-e257068198b9,,SavMon_LW_Plot_30,2026-05-21,Grace_Achieng,"""Evolvulus alsinoides ""","The reused name ""Evolvulus alsinoides "" has a space at the start or end.",data manager
6df6cd2bc2702cb8fe20b8d171cad326,SPE-12,species,warning,uuid:ce4f999d-8849-42a9-a870-1205d47b1903,,SavMon_LW_Plot_22,2026-05-20,Samuel_Kiprotich,"""Evolvulus alsinoides ""","The reused name ""Evolvulus alsinoides "" has a space at the start or end.",data manager
001a2792fa03de628fcbec1c82293e55,SPE-12,species,warning,uuid:e7de35f0-a715-47f1-885f-fd5a0d9a2907,,SavMon_LW_Plot_12,2026-05-20,Samuel_Kiprotich,"""Evolvulus alsinoides ""","The reused name ""Evolvulus alsinoides "" has a space at the start or end.",data manager
87767aadb88797c9bd9fee65d9027fc3,STR-07,survey,info,uuid:c6cc7231-7af6-4bc5-b281-565c53f21763,,SavMon_LW_Plot_21,2026-05-26,Samuel_Kiprotich,SavMon_LW_Plot_21,This submission of SavMon_LW_Plot_21 was rejected; the plot also has an accepted submission.,data manager
b5ed9f14a833dd47df4459b9b4c09b55,STR-07,survey,info,uuid:81e3bc36-700f-465d-a1aa-48ebed04a78c,,SavMon_LW_Plot_18,2026-05-26,Grace_Achieng,SavMon_LW_Plot_18,This submission of SavMon_LW_Plot_18 was rejected; the plot also has an accepted submission.,data manager
4332e046dc5eb6d5c760680ff51daad2,TIM-02,survey,warning,uuid:359a5da6-d237-4203-b838-8596bdbd4935,,SavMon_LW_Plot_08,2026-05-19,Samuel_Kiprotich,236,"The survey took 236 minutes, outside the expected 15 to 180.",field team
bf89472719c6226fff4444cbcbe8988a,TIM-04,survey,info,uuid:c6cc7231-7af6-4bc5-b281-565c53f21763,,SavMon_LW_Plot_21,2026-05-26,Samuel_Kiprotich,16.8,The survey was submitted 16.8 hours after it ended.,field team
